plot_ID,date_time,canopy_height_mean_plot,elevation_mean_plot,MAT_plot,MAP_plot,tree_cover_mean_plot,reiner_tree_cover_plot,fire_events_since_2001_plot,days_since_last_fire,reserve,site_ID,days_since_last_fire_site,fire_events_since_2001_site,MAP_site,MAT_site,elevation_site,tree_cover_site,reiner_tree_cover_site,canopy_height_site
LA_S01_P01,2024-02-15T07:10:34.061001Z,5.73010276896613,1194,19.2500000000001,487.4,36.1250917797997,9.22222222222222,1,4286,Lapalala,LA_S01,4285.8,1,487.4,19.2500000000001,1196.15,31.9739288995509,6.35206349206349,5.10196068312183
LA_S01_P02,2024-02-15T10:18:11.451Z,2.23324808207425,1195,19.2500000000001,487.4,15.765177546577,4.23809523809524,1,4286,Lapalala,LA_S01,4285.8,1,487.4,19.2500000000001,1196.15,31.9739288995509,6.35206349206349,5.10196068312183
LA_S01_P03,2024-02-15T12:26:57.879002Z,3.91817018744491,1196.5,19.2500000000001,487.4,29.1306454000019,3.68181818181818,1,4286,Lapalala,LA_S01,4285.8,1,487.4,19.2500000000001,1196.15,31.9739288995509,6.35206349206349,5.10196068312183
LA_S02_P01,2024-02-16T06:54:08.490Z,4.1104144567535,1190,19.35,550.6,21.1082715988159,3.81818181818182,0,8460,Lapalala,LA_S02,8460,0,550.6,19.35,1186.58333333333,53.8217511631737,4.71195716564138,9.84059796854599
LA_S02_P02,2024-02-16T07:50:34.630001Z,10.4647622619356,1189.25,19.35,550.6,55.9050902866182,4.42105263157895,0,8460,Lapalala,LA_S02,8460,0,550.6,19.35,1186.58333333333,53.8217511631737,4.71195716564138,9.84059796854599
LA_S02_P03,2024-02-16T08:51:24.445999Z,12.6387043250235,1187,19.35,550.6,73.6929341366417,3.9047619047619,0,8460,Lapalala,LA_S02,8460,0,550.6,19.35,1186.58333333333,53.8217511631737,4.71195716564138,9.84059796854599
LA_S02_P04,2024-02-16T10:12:54.868Z,10.7333641683772,1185,19.35,550.6,61.4229957830338,6.31578947368421,0,8460,Lapalala,LA_S02,8460,0,550.6,19.35,1186.58333333333,53.8217511631737,4.71195716564138,9.84059796854599
LA_S02_P05,2024-02-16T11:40:06.968Z,11.2557446306402,1181.66666666667,19.35,550.6,56.9794640107588,5.1,0,8460,Lapalala,LA_S02,8460,0,550.6,19.35,1186.58333333333,53.8217511631737,4.71195716564138,9.84059796854599
LA_S01_P04,2024-02-16T14:29:09.492Z,7.84337707161903,1197,19.2500000000001,487.4,47.3655879974365,7.3,1,4285.5,Lapalala,LA_S01,4285.8,1,487.4,19.2500000000001,1196.15,31.9739288995509,6.35206349206349,5.10196068312183
LA_S01_P05,2024-02-16T14:32:24.346001Z,5.7849053055048,1198.25,19.2500000000001,487.4,31.4831417739391,7.31818181818182,1,4285.5,Lapalala,LA_S01,4285.8,1,487.4,19.2500000000001,1196.15,31.9739288995509,6.35206349206349,5.10196068312183
LA_S03_P01,2024-02-17T08:31:54.053001Z,14.7365770453498,1193.5,19.2500000000001,492,72.7727310543969,1.31818181818182,0,8460,Lapalala,LA_S03,8460,0,492,19.2500000000001,1193.85,60.7859738843575,2.55974025974026,13.4146963615522
LA_S03_P02,2024-02-17T09:54:20.701Z,13.7717219307309,1193.25,19.2500000000001,492,62.9292110261463,4.57142857142857,0,8460,Lapalala,LA_S03,8460,0,492,19.2500000000001,1193.85,60.7859738843575,2.55974025974026,13.4146963615522
LA_S03_P03,2024-02-17T11:28:13.379Z,12.1834561987357,1194,19.2500000000001,492,44.538626649163,2.04545454545455,0,8460,Lapalala,LA_S03,8460,0,492,19.2500000000001,1193.85,60.7859738843575,2.55974025974026,13.4146963615522
LA_S03_P04,2024-02-17T12:52:20.426001Z,8.02121571146629,1194.5,19.2500000000001,492,43.8870473504066,2.95454545454545,0,8460,Lapalala,LA_S03,8460,0,492,19.2500000000001,1193.85,60.7859738843575,2.55974025974026,13.4146963615522
LA_S03_P05,2024-02-17T14:50:14Z,18.3605109214783,1194,19.2500000000001,492,79.8022533416748,1.90909090909091,0,8460,Lapalala,LA_S03,8460,0,492,19.2500000000001,1193.85,60.7859738843575,2.55974025974026,13.4146963615522
LA_S04_P01,2024-02-18T06:45:47.152Z,37.5681899677623,1192,19.35,489.5,99.9868729331277,2.0952380952381,2,133,Lapalala,LA_S04,133,2,489.5,19.35,1190.6,86.2887784445239,6.16969696969697,25.0029967959219
LA_S04_P02,2024-02-18T07:19:13.249Z,25.9080283425071,1191,19.35,489.5,91.6827139420943,6.04545454545455,2,133,Lapalala,LA_S04,133,2,489.5,19.35,1190.6,86.2887784445239,6.16969696969697,25.0029967959219
LA_S04_P03,2024-02-18T08:46:54.111Z,28.7891833678536,1190.5,19.35,489.5,91.3871897821841,7.80952380952381,2,133,Lapalala,LA_S04,133,2,489.5,19.35,1190.6,86.2887784445239,6.16969696969697,25.0029967959219
LA_S04_P04,2024-02-18T09:59:34.535Z,16.8603009310636,1190,19.35,489.5,78.018496426669,7.13636363636364,2,133,Lapalala,LA_S04,133,2,489.5,19.35,1190.6,86.2887784445239,6.16969696969697,25.0029967959219
LA_S04_P05,2024-02-18T10:45:48.667Z,15.8892813704231,1189.5,19.35,489.5,70.3686191385443,7.76190476190476,2,133,Lapalala,LA_S04,133,2,489.5,19.35,1190.6,86.2887784445239,6.16969696969697,25.0029967959219
LA_S05_P01,2024-02-18T12:29:32.223999Z,4.32788557455536,1146.5,19.65,500.2,24.741038038988,4.45454545454545,0,8460,Lapalala,LA_S05,8460,0,501.56,19.64,1145.75,35.9518316075625,7.334329004329,7.37202745731051
LA_S05_P02,2024-02-18T12:37:39.719002Z,2.48849934055692,1145,19.65,500.2,19.0922177405584,4.09090909090909,0,8460,Lapalala,LA_S05,8460,0,501.56,19.64,1145.75,35.9518316075625,7.334329004329,7.37202745731051
LA_S05_P03,2024-02-18T13:22:49.505001Z,18.4274501385896,1145.25,19.65,500.2,66.3063201904297,13.65,0,8460,Lapalala,LA_S05,8460,0,501.56,19.64,1145.75,35.9518316075625,7.334329004329,7.37202745731051
LA_S05_P04,2024-02-18T14:06:32.612999Z,4.80080473287539,1145,19.65,500.2,32.1003036715768,6.38095238095238,0,8460,Lapalala,LA_S05,8460,0,501.56,19.64,1145.75,35.9518316075625,7.334329004329,7.37202745731051
LA_S05_P05,2024-02-18T14:59:25.992001Z,6.81549749997529,1147,19.6,507,37.5192783962597,8.0952380952381,0,8460,Lapalala,LA_S05,8460,0,501.56,19.64,1145.75,35.9518316075625,7.334329004329,7.37202745731051
JE_S01_P01,2024-02-21T11:18:58.882Z,6.15336362475699,1195,19.15,549.9,25.9084329605103,11.2272727272727,0,8460,Jembisa,JE_S01,8460,0,549.9,19.15,1197.71666666667,24.0247405708857,8.83722943722944,4.46484196792861
JE_S01_P02,2024-02-21T11:26:52.594002Z,5.25120234489441,1196,19.15,549.9,27.6334619314774,15.8181818181818,0,8460,Jembisa,JE_S01,8460,0,549.9,19.15,1197.71666666667,24.0247405708857,8.83722943722944,4.46484196792861
JE_S01_P03,2024-02-21T12:33:11.599Z,4.05775256948951,1197.75,19.15,549.9,23.8966181770615,4.04545454545455,0,8460,Jembisa,JE_S01,8460,0,549.9,19.15,1197.71666666667,24.0247405708857,8.83722943722944,4.46484196792861
JE_S01_P04,2024-02-21T14:08:45.867001Z,3.23478867215189,1199.5,19.15,549.9,21.6325156309388,6.57142857142857,0,8460,Jembisa,JE_S01,8460,0,549.9,19.15,1197.71666666667,24.0247405708857,8.83722943722944,4.46484196792861
JE_S01_P05,2024-02-21T14:22:35.028999Z,3.62710262835026,1200.33333333333,19.15,549.9,21.0526741544406,6.52380952380952,0,8460,Jembisa,JE_S01,8460,0,549.9,19.15,1197.71666666667,24.0247405708857,8.83722943722944,4.46484196792861
JE_S02_P01,2024-02-22T09:09:43.544998Z,0.423531455311762,1227,18.95,527,3.13223700484504,6.68181818181818,0,8460,Jembisa,JE_S02,8460,0,527,18.95,1230.95,1.70351461146606,11.8917748917749,0.167378867578316
JE_S02_P02,2024-02-22T09:55:04.579Z,0.271453516727144,1229.25,18.95,527,3.97817530686205,16.2727272727273,0,8460,Jembisa,JE_S02,8460,0,527,18.95,1230.95,1.70351461146606,11.8917748917749,0.167378867578316
JE_S02_P03,2024-02-22T10:48:06.615Z,0.141909365852674,1230.5,18.95,527,1.40716074562321,8.0952380952381,0,8460,Jembisa,JE_S02,8460,0,527,18.95,1230.95,1.70351461146606,11.8917748917749,0.167378867578316
JE_S02_P04,2024-02-22T11:28:48.737999Z,0,1233,18.95,527,0,14.5,0,8460,Jembisa,JE_S02,8460,0,527,18.95,1230.95,1.70351461146606,11.8917748917749,0.167378867578316
JE_S02_P05,2024-02-22T12:00:56.363998Z,0,1235,18.95,527,0,13.9090909090909,0,8460,Jembisa,JE_S02,8460,0,527,18.95,1230.95,1.70351461146606,11.8917748917749,0.167378867578316
JE_S03_P01,2024-02-22T13:06:43.528Z,0.492192334891297,1269,18.55,543.3,4.87847344256006,6.42857142857143,0,8460,Jembisa,JE_S03,8460,0,543.3,18.55,1272.1,1.01546762888586,5.51168831168831,0.103976477166891
JE_S03_P02,2024-02-22T13:25:39.584999Z,0.0276900509431601,1270.5,18.55,543.3,0.198864701869232,8.27272727272727,0,8460,Jembisa,JE_S03,8460,0,543.3,18.55,1272.1,1.01546762888586,5.51168831168831,0.103976477166891
JE_S03_P03,2024-02-22T14:05:35.821999Z,0,1273,18.55,543.3,0,6.61904761904762,0,8460,Jembisa,JE_S03,8460,0,543.3,18.55,1272.1,1.01546762888586,5.51168831168831,0.103976477166891
JE_S03_P04,2024-02-22T14:25:24.697001Z,0,1274,18.55,543.3,0,2.76190476190476,0,8460,Jembisa,JE_S03,8460,0,543.3,18.55,1272.1,1.01546762888586,5.51168831168831,0.103976477166891
JE_S03_P05,2024-02-22T15:12:40.500Z,0,1274,18.55,543.3,0,3.47619047619048,0,8460,Jembisa,JE_S03,8460,0,543.3,18.55,1272.1,1.01546762888586,5.51168831168831,0.103976477166891
JE_S04_P01,2024-02-23T06:57:43.764999Z,10.5171146265098,1216,18.95,560,50.3294725418091,6.68181818181818,0,8460,Jembisa,JE_S04,8460,0,560,18.95,1218.1,22.7249070832191,4.92077922077922,4.32786830003379
JE_S04_P02,2024-02-23T08:31:43.533001Z,4.6202107835561,1217,18.95,560,29.3120037523054,6.28571428571429,0,8460,Jembisa,JE_S04,8460,0,560,18.95,1218.1,22.7249070832191,4.92077922077922,4.32786830003379
JE_S04_P03,2024-02-23T08:40:59.762001Z,2.26119663270021,1218,18.95,560,12.4365510777994,1.77272727272727,0,8460,Jembisa,JE_S04,8460,0,560,18.95,1218.1,22.7249070832191,4.92077922077922,4.32786830003379
JE_S04_P04,2024-02-23T09:26:04.990Z,0.698566629434936,1219,18.95,560,4.22577419131994,3,0,8460,Jembisa,JE_S04,8460,0,560,18.95,1218.1,22.7249070832191,4.92077922077922,4.32786830003379
JE_S04_P05,2024-02-23T10:28:07.740Z,3.54225282796792,1220.5,18.95,560,17.3207338528619,6.86363636363636,0,8460,Jembisa,JE_S04,8460,0,560,18.95,1218.1,22.7249070832191,4.92077922077922,4.32786830003379
JE_S05_P01,2024-02-23T12:09:43.047001Z,0.224177823889823,1190.5,19.2500000000001,530.3,1.96478138389509,4.04545454545455,0,8460,Jembisa,JE_S05,8460,0,530.3,19.2500000000001,1191.6,14.1515388939696,9.17844908714474,2.85985714829012
JE_S05_P02,2024-02-23T12:33:57.999001Z,0.706948789924023,1190.75,19.2500000000001,530.3,8.17320505183571,2.65217391304348,0,8460,Jembisa,JE_S05,8460,0,530.3,19.2500000000001,1191.6,14.1515388939696,9.17844908714474,2.85985714829012
JE_S05_P03,2024-02-23T13:13:16.384001Z,0.872212822165404,1192,19.2500000000001,530.3,8.22512949173424,12.304347826087,0,8460,Jembisa,JE_S05,8460,0,530.3,19.2500000000001,1191.6,14.1515388939696,9.17844908714474,2.85985714829012
JE_S05_P04,2024-02-23T14:15:18.289Z,7.01619819318876,1192.75,19.2500000000001,530.3,29.955726981163,16.6521739130435,0,8460,Jembisa,JE_S05,8460,0,530.3,19.2500000000001,1191.6,14.1515388939696,9.17844908714474,2.85985714829012
JE_S05_P05,2024-02-23T15:15:02.910Z,5.47974811228258,1192,19.2500000000001,530.3,22.4388515612199,10.2380952380952,0,8460,Jembisa,JE_S05,8460,0,530.3,19.2500000000001,1191.6,14.1515388939696,9.17844908714474,2.85985714829012
WI_S01_P01,2024-02-24T06:24:19.187Z,3.34077109183584,1164,19.45,583.1,16.5039653323946,6.59090909090909,0,8460,Willowisp,WI_S01,8460,0,582.44,19.45,1161.88333333333,12.3673049282383,5.44534062428799,2.14416899025118
WI_S01_P02,2024-02-24T07:14:06.843Z,0.835130320353942,1162.75,19.45,583.1,5.28175084563819,3.9047619047619,0,8460,Willowisp,WI_S01,8460,0,582.44,19.45,1161.88333333333,12.3673049282383,5.44534062428799,2.14416899025118
WI_S01_P03,2024-02-24T08:31:19.040001Z,1.84633424776522,1162,19.45,583.1,8.30066918243061,4.71428571428571,0,8460,Willowisp,WI_S01,8460,0,582.44,19.45,1161.88333333333,12.3673049282383,5.44534062428799,2.14416899025118
WI_S01_P04,2024-02-24T09:50:03.102Z,3.1348184093833,1160.66666666667,19.45,583.1,19.0127883911133,8.78947368421053,0,8460,Willowisp,WI_S01,8460,0,582.44,19.45,1161.88333333333,12.3673049282383,5.44534062428799,2.14416899025118
WI_S01_P05,2024-02-24T10:36:48.387001Z,1.56379088191759,1160,19.45,579.8,12.7373508896147,3.22727272727273,0,8460,Willowisp,WI_S01,8460,0,582.44,19.45,1161.88333333333,12.3673049282383,5.44534062428799,2.14416899025118
WI_S02_P01,2024-02-24T12:05:00.032Z,5.91856111160347,1158,19.45,576.5,26.8666385752814,1.76190476190476,0,8460,Willowisp,WI_S02,8460,0,576.5,19.45,1162.75,29.6527058848313,3.93004329004329,5.62627101388006
WI_S02_P02,2024-02-24T12:27:29.601Z,1.8265836921831,1160.5,19.45,576.5,14.2652790248394,5.80952380952381,0,8460,Willowisp,WI_S02,8460,0,576.5,19.45,1162.75,29.6527058848313,3.93004329004329,5.62627101388006
WI_S02_P03,2024-02-24T13:33:09.516Z,10.8053067525228,1163,19.45,576.5,52.6177301860991,6.33333333333333,0,8460,Willowisp,WI_S02,8460,0,576.5,19.45,1162.75,29.6527058848313,3.93004329004329,5.62627101388006
WI_S02_P04,2024-02-24T14:40:21.716999Z,4.11495552460353,1164.75,19.45,576.5,23.6422665459769,2.04545454545455,0,8460,Willowisp,WI_S02,8460,0,576.5,19.45,1162.75,29.6527058848313,3.93004329004329,5.62627101388006
WI_S02_P05,2024-02-24T15:26:48.529999Z,5.46594798848743,1167.5,19.45,576.5,30.8716150919596,3.7,0,8460,Willowisp,WI_S02,8460,0,576.5,19.45,1162.75,29.6527058848313,3.93004329004329,5.62627101388006
WI_S03_P01,2024-02-25T06:00:16.968Z,22.7385035923549,1196,19.2500000000001,559.8,86.2611972263881,0,0,8460,Willowisp,WI_S03,8460,0,559.8,19.2500000000001,1200.9,71.0521984209014,4.5978354978355,17.912987430169
WI_S03_P02,2024-02-25T06:38:51.618999Z,11.3500822657033,1200.5,19.2500000000001,559.8,70.2243487207513,3.76190476190476,0,8460,Willowisp,WI_S03,8460,0,559.8,19.2500000000001,1200.9,71.0521984209014,4.5978354978355,17.912987430169
WI_S03_P03,2024-02-25T07:35:18.033001Z,16.2489860382947,1203,19.2500000000001,559.8,65.6658043427901,4.14285714285714,0,8460,Willowisp,WI_S03,8460,0,559.8,19.2500000000001,1200.9,71.0521984209014,4.5978354978355,17.912987430169
WI_S03_P04,2024-02-25T08:13:43.297001Z,17.5412494928941,1203,19.2500000000001,559.8,61.0942007147748,7.22727272727273,0,8460,Willowisp,WI_S03,8460,0,559.8,19.2500000000001,1200.9,71.0521984209014,4.5978354978355,17.912987430169
WI_S03_P05,2024-02-25T08:57:01.628Z,21.686115761598,1202,19.2500000000001,559.8,72.0154410998027,7.85714285714286,0,8460,Willowisp,WI_S03,8460,0,559.8,19.2500000000001,1200.9,71.0521984209014,4.5978354978355,17.912987430169
WI_S04_P01,2024-02-25T10:15:46.113998Z,3.0398065187037,1163,19.45,570,16.9044099163264,1.27272727272727,0,8460,Willowisp,WI_S04,8460,0,570,19.45,1165.65,27.0592330283104,4.18073969508752,5.14657450655387
WI_S04_P02,2024-02-25T10:50:09.180Z,8.96288023960023,1163,19.45,570,44.2240372944091,3.28571428571429,0,8460,Willowisp,WI_S04,8460,0,570,19.45,1165.65,27.0592330283104,4.18073969508752,5.14657450655387
WI_S04_P03,2024-02-25T11:46:28.671Z,6.53972365033059,1164.75,19.45,570,34.0408887409029,5.95,0,8460,Willowisp,WI_S04,8460,0,570,19.45,1165.65,27.0592330283104,4.18073969508752,5.14657450655387
WI_S04_P04,2024-02-25T12:22:52.090Z,3.20785716850133,1168,19.45,570,17.2993978063266,7.09090909090909,0,8460,Willowisp,WI_S04,8460,0,570,19.45,1165.65,27.0592330283104,4.18073969508752,5.14657450655387
WI_S04_P05,2024-02-25T13:11:57.509998Z,3.98260495563348,1169.5,19.45,570,22.8274313835871,3.30434782608696,0,8460,Willowisp,WI_S04,8460,0,570,19.45,1165.65,27.0592330283104,4.18073969508752,5.14657450655387
WI_S05_P01,2024-02-25T14:20:47.159Z,9.32623853398995,1176,19.3500000000001,564.9,44.2287285653028,1.72727272727273,0,8460,Willowisp,WI_S05,8460,0,557.7,19.3,1177.15,36.4345889903684,3.99004329004329,6.72733313586828
WI_S05_P02,2024-02-25T14:35:19.115Z,9.31250384720889,1176.75,19.2500000000001,559.8,46.5399228876287,7.33333333333333,0,8460,Willowisp,WI_S05,8460,0,557.7,19.3,1177.15,36.4345889903684,3.99004329004329,6.72733313586828
WI_S05_P03,2024-02-25T15:09:52.013Z,5.67873383509485,1176,19.2500000000001,559.8,32.8592006281803,5.57142857142857,0,8460,Willowisp,WI_S05,8460,0,557.7,19.3,1177.15,36.4345889903684,3.99004329004329,6.72733313586828
WI_S05_P04,2024-02-25T15:55:51.634998Z,6.50034366197707,1178,19.3,554.6,40.1405766350882,3.31818181818182,0,8460,Willowisp,WI_S05,8460,0,557.7,19.3,1177.15,36.4345889903684,3.99004329004329,6.72733313586828
WI_S05_P05,2024-02-25T16:21:39.578999Z,2.81884580107062,1179,19.35,549.4,18.4045162356418,2,0,8460,Willowisp,WI_S05,8460,0,557.7,19.3,1177.15,36.4345889903684,3.99004329004329,6.72733313586828
SY_S01_P01,2024-02-27T12:18:05.359Z,0.0284922816183256,1502,17.2500000000001,708.1,0.328116020430689,0,3,3792,Syringa sands,SY_S01,3792,3,707.89,17.11,1504.65,6.45419199183379,1.75151515151515,1.41120229949363
SY_S01_P02,2024-02-27T13:14:53.132Z,0,1503,17.15,707.95,0.0517164306207137,0,3,3792,Syringa sands,SY_S01,3792,3,707.89,17.11,1504.65,6.45419199183379,1.75151515151515,1.41120229949363
SY_S01_P03,2024-02-27T13:56:31.028Z,0.0694081993265586,1504.25,17.05,707.8,0.766667191277851,1.09090909090909,3,3792,Syringa sands,SY_S01,3792,3,707.89,17.11,1504.65,6.45419199183379,1.75151515151515,1.41120229949363
SY_S01_P04,2024-02-27T14:43:08.912Z,0.0229442616303762,1507,17.05,707.8,0.183554093043009,0,3,3792,Syringa sands,SY_S01,3792,3,707.89,17.11,1504.65,6.45419199183379,1.75151515151515,1.41120229949363
SY_S01_P05,2024-02-27T15:46:26.127001Z,6.9351667548929,1507,17.05,707.8,30.9409062237967,7.66666666666667,3,3792,Syringa sands,SY_S01,3792,3,707.89,17.11,1504.65,6.45419199183379,1.75151515151515,1.41120229949363
SY_S02_P01,2024-02-28T06:12:10.987Z,0.132003087378842,1419,17.65,710.7,2.0415878255582,0.666666666666667,2,3790,Syringa sands,SY_S02,3790,2,710.7,17.65,1424.6,21.0983489552295,8.34989648033126,4.90209762108391
SY_S02_P02,2024-02-28T06:47:58.949001Z,0.977581229238283,1422,17.65,710.7,5.09279664641335,1.95238095238095,2,3790,Syringa sands,SY_S02,3790,2,710.7,17.65,1424.6,21.0983489552295,8.34989648033126,4.90209762108391
SY_S02_P03,2024-02-28T07:54:18.589001Z,3.82002829557115,1423,17.65,710.7,25.6106545166536,8.1304347826087,2,3790,Syringa sands,SY_S02,3790,2,710.7,17.65,1424.6,21.0983489552295,8.34989648033126,4.90209762108391
SY_S02_P04,2024-02-28T08:36:09.478Z,7.74003807135991,1428,17.65,710.7,33.0483890544801,15,2,3790,Syringa sands,SY_S02,3790,2,710.7,17.65,1424.6,21.0983489552295,8.34989648033126,4.90209762108391
SY_S02_P05,2024-02-28T09:20:17.934999Z,11.8408374218714,1431,17.65,710.7,39.6983167330424,16,2,3790,Syringa sands,SY_S02,3790,2,710.7,17.65,1424.6,21.0983489552295,8.34989648033126,4.90209762108391
SY_S03_P01,2024-02-28T11:43:32.794998Z,0.0702976770699024,1504.66666666667,17.05,708.5,0.704338380694389,0,2,3793,Syringa sands,SY_S03,3902.5,1.9,708.5,17.05,1501.56666666667,12.568175708538,0.824675324675325,1.84396079751288
SY_S03_P02,2024-02-28T12:14:06.462Z,0.12333843449042,1502.66666666667,17.05,708.5,1.30102959700993,0,2,3793,Syringa sands,SY_S03,3902.5,1.9,708.5,17.05,1501.56666666667,12.568175708538,0.824675324675325,1.84396079751288
SY_S03_P03,2024-02-28T12:48:16.221001Z,2.65030397407033,1501,17.05,708.5,11.9403054118156,0.409090909090909,2,3793,Syringa sands,SY_S03,3902.5,1.9,708.5,17.05,1501.56666666667,12.568175708538,0.824675324675325,1.84396079751288
SY_S03_P04,2024-02-28T13:56:35.208Z,0.75941465087235,1500,17.05,708.5,7.87807956933975,0,2,3793,Syringa sands,SY_S03,3902.5,1.9,708.5,17.05,1501.56666666667,12.568175708538,0.824675324675325,1.84396079751288
SY_S03_P05,2024-02-28T14:36:04.407Z,5.61644925106139,1499.5,17.05,708.5,41.0171255838303,3.71428571428571,1.5,4340.5,Syringa sands,SY_S03,3902.5,1.9,708.5,17.05,1501.56666666667,12.568175708538,0.824675324675325,1.84396079751288
SY_S04_P01,2024-02-28T15:35:08.118Z,1.40255222537301,1444.5,17.45,716.2,5.60458410395817,3.63636363636364,1,4888,Syringa sands,SY_S04,4888,1,716.2,17.45,1442.25,45.1942770553164,27.8156785243742,23.9138460634075
SY_S04_P02,2024-02-28T15:56:25.118Z,10.9079722166061,1444,17.45,716.2,23.2055501767567,8.60869565217391,1,4888,Syringa sands,SY_S04,4888,1,716.2,17.45,1442.25,45.1942770553164,27.8156785243742,23.9138460634075
SY_S04_P03,,13.6452913170769,1442.75,17.45,716.2,36.8787017776853,7.5,1,4888,Syringa sands,SY_S04,4888,1,716.2,17.45,1442.25,45.1942770553164,27.8156785243742,23.9138460634075
SY_S05_P01,2024-02-29T06:08:07.227Z,1.27060620832656,1467.5,17.4,720.7,10.7240324252551,8.45454545454546,1,4887,Syringa sands,SY_S05,4887,1,720.7,17.4,1468.1,5.78440471007735,2.995670995671,0.79739329374359
SY_S05_P02,2024-02-29T06:32:59.466Z,1.04979740120471,1468,17.4,720.7,6.97481406927109,3.33333333333333,1,4887,Syringa sands,SY_S05,4887,1,720.7,17.4,1468.1,5.78440471007735,2.995670995671,0.79739329374359
SY_S05_P03,2024-02-29T07:01:07.528Z,0.393935722383586,1468,17.4,720.7,3.61487027469345,0,1,4887,Syringa sands,SY_S05,4887,1,720.7,17.4,1468.1,5.78440471007735,2.995670995671,0.79739329374359
SY_S05_P04,2024-02-29T07:38:53.807999Z,1.14083717692466,1468,17.4,720.7,6.30425278345744,3.19047619047619,1,4887,Syringa sands,SY_S05,4887,1,720.7,17.4,1468.1,5.78440471007735,2.995670995671,0.79739329374359
SY_S05_P05,2024-02-29T08:13:13.939Z,0.131789959878439,1469,17.4,720.7,1.30405399770964,0,1,4887,Syringa sands,SY_S05,4887,1,720.7,17.4,1468.1,5.78440471007735,2.995670995671,0.79739329374359
SY_S04_P04,2024-02-29T09:42:17.341Z,33.4086143856957,1440.5,17.45,716.2,68.0226738339379,34.8571428571429,1,4888,Syringa sands,SY_S04,4888,1,716.2,17.45,1442.25,45.1942770553164,27.8156785243742,23.9138460634075
SY_S04_P05,2024-02-29T10:07:30.746Z,60.2048001722856,1439.5,17.45,716.2,92.2598753842441,84.4761904761905,1,4888,Syringa sands,SY_S04,4888,1,716.2,17.45,1442.25,45.1942770553164,27.8156785243742,23.9138460634075
SU_S01_P01,2024-03-01T12:33:56.379002Z,1.29185273077177,1357,18.35,607.7,11.8366169229798,2.45454545454545,0,8460,Summerplace,SU_S01,8460,0,607.7,18.35,1357.9,24.0610592234564,10.9300504224989,4.96958059576455
SU_S01_P02,2024-03-01T13:28:07.330Z,3.09009570361708,1356.5,18.35,607.7,16.916442359205,9.47619047619048,0,8460,Summerplace,SU_S01,8460,0,607.7,18.35,1357.9,24.0610592234564,10.9300504224989,4.96958059576455
SU_S01_P03,2024-03-01T15:03:08.026Z,11.0870844433931,1358,18.35,607.7,45.3741489973935,21.2608695652174,0,8460,Summerplace,SU_S01,8460,0,607.7,18.35,1357.9,24.0610592234564,10.9300504224989,4.96958059576455
SU_S01_P04,2024-03-01T15:36:04.941Z,4.49381071108986,1358.5,18.35,607.7,22.9502841220661,9.14285714285714,0,8460,Summerplace,SU_S01,8460,0,607.7,18.35,1357.9,24.0610592234564,10.9300504224989,4.96958059576455
SU_S01_P05,2024-03-01T16:28:36.304001Z,4.88505938995097,1359.5,18.35,607.7,23.2278037156378,12.3157894736842,0,8460,Summerplace,SU_S01,8460,0,607.7,18.35,1357.9,24.0610592234564,10.9300504224989,4.96958059576455
SU_S02_P01,2024-03-02T06:17:44.512001Z,6.29025866304125,1323.25,18.55,587.6,16.8000828765688,10,1,6728,Summerplace,SU_S02,6728,1,594.85,18.6,1323.25,8.22314572952914,5.61547619047619,2.92993730700764
SU_S02_P02,2024-03-02T06:41:54.463001Z,8.07006426084609,1323,18.55,587.6,21.2109356256468,5.45833333333333,1,6728,Summerplace,SU_S02,6728,1,594.85,18.6,1323.25,8.22314572952914,5.61547619047619,2.92993730700764
SU_S02_P03,2024-03-02T07:02:46.284Z,0,1322.5,18.6,594.85,0,4.71428571428571,1,6728,Summerplace,SU_S02,6728,1,594.85,18.6,1323.25,8.22314572952914,5.61547619047619,2.92993730700764
SU_S02_P04,2024-03-02T09:15:28.440001Z,0,1324.5,18.65,602.1,0,0,1,6728,Summerplace,SU_S02,6728,1,594.85,18.6,1323.25,8.22314572952914,5.61547619047619,2.92993730700764
SU_S02_P05,2024-03-02T10:01:54.220001Z,0.289363611150872,1323,18.65,602.1,3.10471014543013,7.90476190476191,1,6728,Summerplace,SU_S02,6728,1,594.85,18.6,1323.25,8.22314572952914,5.61547619047619,2.92993730700764
SU_S03_P01,2024-03-02T11:32:25.094Z,0,1350,18.35,640.7,0,6.13636363636364,0,8460,Summerplace,SU_S03,8460,0,640.7,18.35,1353.9,0.181236796426986,5.36398268398268,0.0221168675892321
SU_S03_P02,2024-03-02T12:09:18.062Z,0,1352,18.35,640.7,0,1.23809523809524,0,8460,Summerplace,SU_S03,8460,0,640.7,18.35,1353.9,0.181236796426986,5.36398268398268,0.0221168675892321
SU_S03_P03,2024-03-02T13:04:46.313999Z,0.0348889231681824,1353.5,18.35,640.7,0.279111385345459,0,0,8460,Summerplace,SU_S03,8460,0,640.7,18.35,1353.9,0.181236796426986,5.36398268398268,0.0221168675892321
SU_S03_P04,2024-03-02T13:40:16.115999Z,0.0756954147779782,1356.33333333333,18.35,640.7,0.627072596789471,11.0454545454545,0,8460,Summerplace,SU_S03,8460,0,640.7,18.35,1353.9,0.181236796426986,5.36398268398268,0.0221168675892321
SU_S03_P05,2024-03-02T14:06:17.291Z,0,1357.66666666667,18.35,640.7,0,8.4,0,8460,Summerplace,SU_S03,8460,0,640.7,18.35,1353.9,0.181236796426986,5.36398268398268,0.0221168675892321
SU_S04_P01,2024-03-03T06:17:48.962002Z,0.884755523581254,1487.5,17.45,651.2,3.56005540647005,1.76190476190476,0,8460,Summerplace,SU_S04,8460,0,651.2,17.45,1487.95,25.3454611036256,4.89225336067441,6.70647813096518
SU_S04_P02,2024-03-03T06:53:09.301Z,9.93957150500754,1488,17.45,651.2,27.5809459116148,2.68181818181818,0,8460,Summerplace,SU_S04,8460,0,651.2,17.45,1487.95,25.3454611036256,4.89225336067441,6.70647813096518
SU_S04_P03,2024-03-03T07:50:21.264999Z,2.27099106107888,1487.5,17.45,651.2,9.94003653369452,5.28571428571429,0,8460,Summerplace,SU_S04,8460,0,651.2,17.45,1487.95,25.3454611036256,4.89225336067441,6.70647813096518
SU_S04_P04,2024-03-03T09:15:09.580Z,7.30308478644916,1488.5,17.45,651.2,30.4881206694103,10.6842105263158,0,8460,Summerplace,SU_S04,8460,0,651.2,17.45,1487.95,25.3454611036256,4.89225336067441,6.70647813096518
SU_S04_P05,2024-03-03T09:54:25.353001Z,13.133987778709,1488.25,17.45,651.2,55.1581469969381,4.04761904761905,0,8460,Summerplace,SU_S04,8460,0,651.2,17.45,1487.95,25.3454611036256,4.89225336067441,6.70647813096518
SU_S05_P01,2024-03-03T11:34:43.122002Z,0.00163161642627702,1340.5,18.2,610.55,0.0228426288813353,7.77272727272727,0,8460,Summerplace,SU_S05,8460,0,600.66,18.39,1336.96666666667,10.7003097740145,9.54664502164502,1.37956053462088
SU_S05_P02,2024-03-03T11:58:51.730Z,0.281045997769318,1339,18.2,610.55,3.69872727211226,14.047619047619,0,8460,Summerplace,SU_S05,8460,0,600.66,18.39,1336.96666666667,10.7003097740145,9.54664502164502,1.37956053462088
SU_S05_P03,2024-03-03T12:34:05.994Z,4.77479324846164,1336,18.45,597.1,31.9822968970174,8.95833333333333,0,8460,Summerplace,SU_S05,8460,0,600.66,18.39,1336.96666666667,10.7003097740145,9.54664502164502,1.37956053462088
SU_S05_P04,2024-03-03T13:23:54.492001Z,1.72773131551711,1335,18.45,597.1,15.8531728943712,3.90909090909091,0,8460,Summerplace,SU_S05,8460,0,600.66,18.39,1336.96666666667,10.7003097740145,9.54664502164502,1.37956053462088
SU_S05_P05,2024-03-03T14:09:04.516Z,0.112600494930077,1334.33333333333,18.65,588,1.94450917769046,13.0454545454545,0,8460,Summerplace,SU_S05,8460,0,600.66,18.39,1336.96666666667,10.7003097740145,9.54664502164502,1.37956053462088
DA_S01_P01,2024-03-05T11:57:59.119999Z,18.7340037275694,1290,18.65,606.6,64.4228239310415,9.68181818181818,1,5660,Dabchick,DA_S01,5660,1,606.6,18.65,1293.75,74.9146288799921,10.9140033879164,27.4548457233543
DA_S01_P02,2024-03-05T12:39:49.006001Z,27.1766807460785,1291.5,18.65,606.6,72.2065058898926,11.1428571428571,1,5660,Dabchick,DA_S01,5660,1,606.6,18.65,1293.75,74.9146288799921,10.9140033879164,27.4548457233543
DA_S01_P03,2024-03-05T13:50:54.818001Z,16.4682205631619,1293,18.65,606.6,64.2933785574777,6.47619047619048,1,5660,Dabchick,DA_S01,5660,1,606.6,18.65,1293.75,74.9146288799921,10.9140033879164,27.4548457233543
DA_S01_P04,2024-03-05T14:58:36.576Z,48.1274967193604,1296.25,18.65,606.6,92.351504552932,15.1739130434783,1,5660,Dabchick,DA_S01,5660,1,606.6,18.65,1293.75,74.9146288799921,10.9140033879164,27.4548457233543
DA_S01_P05,2024-03-05T15:58:08.406Z,26.7678268606013,1298,18.65,606.6,81.2989314686168,12.0952380952381,1,5660,Dabchick,DA_S01,5660,1,606.6,18.65,1293.75,74.9146288799921,10.9140033879164,27.4548457233543
DA_S02_P01,2024-03-06T05:55:41.466999Z,0.868714298567046,1272,18.55,601.1,6.38267973032983,1.86363636363636,3,3791,Dabchick,DA_S02,3791,3,594.1,18.76,1270.8,10.7657561994764,2.29933925723399,1.39768437171656
DA_S02_P02,2024-03-06T06:28:50.139999Z,2.11299115916093,1271.5,18.7,596.1,16.9429619198754,7.57894736842105,3,3791,Dabchick,DA_S02,3791,3,594.1,18.76,1270.8,10.7657561994764,2.29933925723399,1.39768437171656
DA_S02_P03,2024-03-06T07:24:27.274Z,2.01358800088055,1269,18.85,591.1,13.1611892789602,1.19047619047619,3,3791,Dabchick,DA_S02,3791,3,594.1,18.76,1270.8,10.7657561994764,2.29933925723399,1.39768437171656
DA_S02_P04,2024-03-06T08:19:28.802999Z,0.552769740535454,1271.25,18.85,591.1,5.8569639142264,0,3,3791,Dabchick,DA_S02,3791,3,594.1,18.76,1270.8,10.7657561994764,2.29933925723399,1.39768437171656
DA_S02_P05,2024-03-06T09:12:15.181Z,1.44035865943879,1270.25,18.85,591.1,11.48498615399,0.863636363636364,3,3791,Dabchick,DA_S02,3791,3,594.1,18.76,1270.8,10.7657561994764,2.29933925723399,1.39768437171656
DA_S03_P01,2024-03-06T11:11:16.093Z,6.92546350899197,1243.75,19,582.95,37.2532159033276,4.95454545454545,3,3791,Dabchick,DA_S03,5099.3,1.6,589.14,18.93,1245.35,19.9631895479702,2.33160173160173,3.84813265961905
DA_S03_P02,2024-03-06T11:51:17.518999Z,0.914027063885615,1244.5,19,582.95,10.1661358411823,0,2,4725.5,Dabchick,DA_S03,5099.3,1.6,589.14,18.93,1245.35,19.9631895479702,2.33160173160173,3.84813265961905
DA_S03_P03,2024-03-06T12:23:59.480Z,3.03336853072757,1244.5,18.95,589.6,20.9418599804242,2.22727272727273,1,5660,Dabchick,DA_S03,5099.3,1.6,589.14,18.93,1245.35,19.9631895479702,2.33160173160173,3.84813265961905
DA_S03_P04,2024-03-06T13:10:56.230999Z,8.10101226681755,1246,18.85,595.1,28.2757819947742,4.47619047619048,1,5660,Dabchick,DA_S03,5099.3,1.6,589.14,18.93,1245.35,19.9631895479702,2.33160173160173,3.84813265961905
DA_S03_P05,2024-03-06T14:04:26.233999Z,0.266791927672568,1248,18.85,595.1,3.17895402014256,0,1,5660,Dabchick,DA_S03,5099.3,1.6,589.14,18.93,1245.35,19.9631895479702,2.33160173160173,3.84813265961905
DA_S04_P01,2024-03-07T06:04:08.605Z,3.36763072937727,1276,18.65,606.6,24.2588195085526,0.714285714285714,1,5660,Dabchick,DA_S04,5660,1,611.92,18.58,1279.5,13.5876496879698,1.0125313283208,2.21769721999113
DA_S04_P02,2024-03-07T06:37:05.823Z,2.04669702257074,1277,18.6,610.4,18.0472824226045,0,1,5660,Dabchick,DA_S04,5660,1,611.92,18.58,1279.5,13.5876496879698,1.0125313283208,2.21769721999113
DA_S04_P03,2024-03-07T07:21:42.160Z,1.32638063728809,1278,18.55,614.2,6.3146394893527,2.15789473684211,1,5660,Dabchick,DA_S04,5660,1,611.92,18.58,1279.5,13.5876496879698,1.0125313283208,2.21769721999113
DA_S04_P04,2024-03-07T08:04:08.377Z,0,1282,18.55,614.2,0.0519160048237869,0,1,5660,Dabchick,DA_S04,5660,1,611.92,18.58,1279.5,13.5876496879698,1.0125313283208,2.21769721999113
DA_S04_P05,2024-03-07T08:43:14.601Z,4.34777771071954,1284.5,18.55,614.2,19.2655910145153,2.19047619047619,1,5660,Dabchick,DA_S04,5660,1,611.92,18.58,1279.5,13.5876496879698,1.0125313283208,2.21769721999113
DA_S05_P01,2024-03-07T10:19:18.193001Z,0,1402.5,17.95,610.3,0.314293112158775,0,5.5,2855.5,Dabchick,DA_S05,3604.7,5.1,610.3,17.95,1401.8,1.91028139758058,0.654978354978355,0.290922719804627
DA_S05_P02,2024-03-07T10:48:05.856Z,0,1399.5,17.95,610.3,0,2.04761904761905,5,3792,Dabchick,DA_S05,3604.7,5.1,610.3,17.95,1401.8,1.91028139758058,0.654978354978355,0.290922719804627
DA_S05_P03,2024-03-07T11:33:08.353Z,0.0495622161437165,1401,17.95,610.3,0.545184379274195,1.22727272727273,5,3792,Dabchick,DA_S05,3604.7,5.1,610.3,17.95,1401.8,1.91028139758058,0.654978354978355,0.290922719804627
DA_S05_P04,2024-03-07T12:36:01.165Z,0,1404,17.95,610.3,0,0,5,3792,Dabchick,DA_S05,3604.7,5.1,610.3,17.95,1401.8,1.91028139758058,0.654978354978355,0.290922719804627
DA_S05_P05,2024-03-07T12:59:07.314Z,1.40505138287942,1402,17.95,610.3,8.69192949646995,0,5,3792,Dabchick,DA_S05,3604.7,5.1,610.3,17.95,1401.8,1.91028139758058,0.654978354978355,0.290922719804627
AN_S01_P01,2024-03-09T13:31:37.227001Z,2.59047080931209,1259.5,18.85,549.7,15.9251564322483,11.6363636363636,0,8460,Ant's Farm,AN_S01,8460,0,545.85,18.92,1257.8,22.4703114381149,8.4034632034632,3.4262022813131
AN_S01_P02,2024-03-09T14:00:00.325Z,0.000100905435498465,1259,18.9,546.95,0.000706338069655679,1.47619047619048,0,8460,Ant's Farm,AN_S01,8460,0,545.85,18.92,1257.8,22.4703114381149,8.4034632034632,3.4262022813131
AN_S01_P03,2024-03-09T14:31:08.518Z,0.646640844727782,1258,18.95,544.2,7.66208287599412,7.80952380952381,0,8460,Ant's Farm,AN_S01,8460,0,545.85,18.92,1257.8,22.4703114381149,8.4034632034632,3.4262022813131
AN_S01_P04,2024-03-09T15:19:58.659Z,9.44282109087164,1256,18.95,544.2,65.3830110701648,10.7142857142857,0,8460,Ant's Farm,AN_S01,8460,0,545.85,18.92,1257.8,22.4703114381149,8.4034632034632,3.4262022813131
AN_S01_P05,2024-03-09T16:05:45.946999Z,4.45097775621848,1256.5,18.95,544.2,23.3806004740975,10.3809523809524,0,8460,Ant's Farm,AN_S01,8460,0,545.85,18.92,1257.8,22.4703114381149,8.4034632034632,3.4262022813131
AN_S02_P01,2024-03-10T06:39:14.309Z,12.192061681123,1346,18.45,559.5,42.3084105352561,10.35,0,8460,Ant's Farm,AN_S02,8460,0,560.97,18.3900000000001,1341.25,46.4847103791999,22.5878571428571,8.60877728649659
AN_S02_P02,2024-03-10T07:16:58.935001Z,9.55644898522984,1342,18.45,559.5,52.3244011618874,15.4545454545455,0,8460,Ant's Farm,AN_S02,8460,0,560.97,18.3900000000001,1341.25,46.4847103791999,22.5878571428571,8.60877728649659
AN_S02_P03,2024-03-10T07:58:59.724998Z,6.15082809470949,1338,18.45,559.5,47.2994536785852,38.7083333333333,0,8460,Ant's Farm,AN_S02,8460,0,560.97,18.3900000000001,1341.25,46.4847103791999,22.5878571428571,8.60877728649659
AN_S02_P04,2024-03-10T08:49:10.517Z,4.21070523011057,1340,18.3500000000001,561.95,32.0766977164404,29.0454545454546,0,8460,Ant's Farm,AN_S02,8460,0,560.97,18.3900000000001,1341.25,46.4847103791999,22.5878571428571,8.60877728649659
AN_S02_P05,2024-03-10T09:28:32.332001Z,10.9338424413101,1340.25,18.2500000000001,564.4,58.4145888038304,19.3809523809524,0,8460,Ant's Farm,AN_S02,8460,0,560.97,18.3900000000001,1341.25,46.4847103791999,22.5878571428571,8.60877728649659
AN_S03_P01,2024-03-10T10:44:12.470Z,0.883194422721863,1424.25,18.15,549.4,6.59436364173889,11.1904761904762,0,8460,Ant's Farm,AN_S03,8460,0,549.4,18.15,1426.85,11.3334614393118,10.6029813664596,2.36213024393947
AN_S03_P02,2024-03-10T11:16:33.112999Z,1.85994744300842,1426,18.15,549.4,13.2589536536308,8.9,0,8460,Ant's Farm,AN_S03,8460,0,549.4,18.15,1426.85,11.3334614393118,10.6029813664596,2.36213024393947
AN_S03_P03,2024-03-10T12:26:00.259Z,8.18247499705657,1427,18.15,549.4,25.3241962537817,12.3809523809524,0,8460,Ant's Farm,AN_S03,8460,0,549.4,18.15,1426.85,11.3334614393118,10.6029813664596,2.36213024393947
AN_S03_P04,2024-03-10T13:14:39.382999Z,0.09105477056333,1428,18.15,549.4,1.0291580359141,12.0434782608696,0,8460,Ant's Farm,AN_S03,8460,0,549.4,18.15,1426.85,11.3334614393118,10.6029813664596,2.36213024393947
AN_S03_P05,2024-03-10T13:55:44.291Z,0.793979586347153,1429,18.15,549.4,10.4606356114933,8.5,0,8460,Ant's Farm,AN_S03,8460,0,549.4,18.15,1426.85,11.3334614393118,10.6029813664596,2.36213024393947
AN_S04_P01,2024-03-11T06:31:07.101Z,1.64705957362995,1246.25,19,541.35,13.277322763982,7.33333333333333,0,8460,Ant's Farm,AN_S04,8460,0,539.07,19.04,1243.15,22.5667588729651,9.63939393939394,4.21841229268262
AN_S04_P02,2024-03-11T06:56:12.703Z,12.7819344969023,1245.5,19.05,538.5,60.3193304425194,19.8181818181818,0,8460,Ant's Farm,AN_S04,8460,0,539.07,19.04,1243.15,22.5667588729651,9.63939393939394,4.21841229268262
AN_S04_P03,2024-03-11T07:47:55.442001Z,1.34974154721325,1242,19.05,538.5,9.82789582404352,10.2727272727273,0,8460,Ant's Farm,AN_S04,8460,0,539.07,19.04,1243.15,22.5667588729651,9.63939393939394,4.21841229268262
AN_S04_P04,2024-03-11T08:54:52.231998Z,0.988982654715839,1241,19.05,538.5,7.80069402644509,6.77272727272727,0,8460,Ant's Farm,AN_S04,8460,0,539.07,19.04,1243.15,22.5667588729651,9.63939393939394,4.21841229268262
AN_S04_P05,2024-03-11T09:42:57.724998Z,4.32434319095178,1241,19.05,538.5,21.6085513078354,4,0,8460,Ant's Farm,AN_S04,8460,0,539.07,19.04,1243.15,22.5667588729651,9.63939393939394,4.21841229268262
AN_S05_P01,2024-03-11T11:26:41.784Z,4.46850308225207,1413,18.15,564.1,26.8917757324551,2.23809523809524,0,8460,Ant's Farm,AN_S05,8460,0,564.1,18.15,1410.85,29.901892463161,6.3497647280256,5.31241915737258
AN_S05_P02,2024-03-11T11:57:43.278Z,3.68709778096527,1411.75,18.15,564.1,20.7305662073195,3.71428571428571,0,8460,Ant's Farm,AN_S05,8460,0,564.1,18.15,1410.85,29.901892463161,6.3497647280256,5.31241915737258
AN_S05_P03,2024-03-11T12:47:26.704Z,8.05246214639573,1412.5,18.15,564.1,50.5210992722284,6.47826086956522,0,8460,Ant's Farm,AN_S05,8460,0,564.1,18.15,1410.85,29.901892463161,6.3497647280256,5.31241915737258
AN_S05_P04,2024-03-11T13:52:17.426001Z,6.00330717968089,1411,18.15,564.1,32.0429619366214,5.27272727272727,0,8460,Ant's Farm,AN_S05,8460,0,564.1,18.15,1410.85,29.901892463161,6.3497647280256,5.31241915737258
AN_S05_P05,2024-03-11T14:25:10.239Z,4.35072559756892,1406,18.15,564.1,19.3230591671807,14.0454545454545,0,8460,Ant's Farm,AN_S05,8460,0,564.1,18.15,1410.85,29.901892463161,6.3497647280256,5.31241915737258
KA_S01_P01,2024-03-13T11:49:07.826Z,8.04379273312432,1189.75,19.35,459.1,43.4039453835714,7.61904761904762,0,8460,Kaingo,KA_S01,8460,0,459.1,19.35,1185.96666666667,30.789552135892,6.69051383399209,5.11241908393044
KA_S01_P02,2024-03-13T12:08:27.377001Z,6.75351787748791,1187.5,19.35,459.1,39.728916940235,10.3809523809524,0,8460,Kaingo,KA_S01,8460,0,459.1,19.35,1185.96666666667,30.789552135892,6.69051383399209,5.11241908393044
KA_S01_P03,2024-03-13T12:46:48.769001Z,3.36574248047102,1186.25,19.35,459.1,23.5909625462123,9.04347826086956,0,8460,Kaingo,KA_S01,8460,0,459.1,19.35,1185.96666666667,30.789552135892,6.69051383399209,5.11241908393044
KA_S01_P04,2024-03-13T13:41:14.458Z,4.32957928984062,1184.33333333333,19.35,459.1,25.8216618195824,4.36363636363636,0,8460,Kaingo,KA_S01,8460,0,459.1,19.35,1185.96666666667,30.789552135892,6.69051383399209,5.11241908393044
KA_S01_P05,2024-03-13T14:04:01.320Z,3.06946303872835,1182,19.35,459.1,21.4022739898591,2.04545454545455,0,8460,Kaingo,KA_S01,8460,0,459.1,19.35,1185.96666666667,30.789552135892,6.69051383399209,5.11241908393044
KA_S02_P01,2024-03-14T06:01:54.096001Z,1.96162458077857,993.5,20.95,414.1,14.7437711828633,1.85714285714286,0,8460,Kaingo,KA_S02,8460,0,414.1,20.95,994.8,20.4107160897866,5.4225974025974,2.33961389457021
KA_S02_P02,2024-03-14T06:31:13.834Z,2.04635619549524,995,20.95,414.1,18.902893951961,4.1,0,8460,Kaingo,KA_S02,8460,0,414.1,20.95,994.8,20.4107160897866,5.4225974025974,2.33961389457021
KA_S02_P03,2024-03-14T06:39:54.724998Z,1.50157832267827,995.5,20.95,414.1,14.2083173880265,4.66666666666667,0,8460,Kaingo,KA_S02,8460,0,414.1,20.95,994.8,20.4107160897866,5.4225974025974,2.33961389457021
KA_S02_P04,2024-03-14T08:03:25.861Z,2.66624440643049,995,20.95,414.1,26.0907490650813,7.72727272727273,0,8460,Kaingo,KA_S02,8460,0,414.1,20.95,994.8,20.4107160897866,5.4225974025974,2.33961389457021
KA_S02_P05,2024-03-14T08:52:39.911999Z,3.52226596746848,995,20.95,414.1,28.1078488610008,8.76190476190476,0,8460,Kaingo,KA_S02,8460,0,414.1,20.95,994.8,20.4107160897866,5.4225974025974,2.33961389457021
KA_S03_P01,2024-03-14T11:14:33.504002Z,0,1007.5,20.85,419.8,0,1.125,0,8460,Kaingo,KA_S03,8460,0,419.8,20.85,1009.16666666667,0.0171426924792203,2.44183982683983,0
KA_S03_P02,2024-03-14T11:44:18.330Z,0,1008,20.85,419.8,0,0.65,0,8460,Kaingo,KA_S03,8460,0,419.8,20.85,1009.16666666667,0.0171426924792203,2.44183982683983,0
KA_S03_P03,2024-03-14T12:15:00.378Z,0,1009.5,20.85,419.8,0,4.95238095238095,0,8460,Kaingo,KA_S03,8460,0,419.8,20.85,1009.16666666667,0.0171426924792203,2.44183982683983,0
KA_S03_P04,2024-03-14T13:06:21.226Z,0,1010.33333333333,20.85,419.8,0,2.8,0,8460,Kaingo,KA_S03,8460,0,419.8,20.85,1009.16666666667,0.0171426924792203,2.44183982683983,0
KA_S03_P05,2024-03-14T13:42:22.179001Z,0,1010.5,20.85,419.8,0.0857134623961015,2.68181818181818,0,8460,Kaingo,KA_S03,8460,0,419.8,20.85,1009.16666666667,0.0171426924792203,2.44183982683983,0
KA_S04_P01,2024-03-15T06:47:37.194Z,0,994,21.05,435.4,0,21.7826086956522,0,8460,Kaingo,KA_S04,8460,0,449.72,20.93,996.666666666667,3.55859939727211,9.22124035384905,0.262202596294862
KA_S04_P02,2024-03-15T07:20:18.031Z,0,995.5,21,440.7,0,5.14285714285714,0,8460,Kaingo,KA_S04,8460,0,449.72,20.93,996.666666666667,3.55859939727211,9.22124035384905,0.262202596294862
KA_S04_P03,2024-03-15T08:45:02.020Z,0.12124878523702,996.333333333333,20.9,452.9,2.46560682627288,7.80952380952381,0,8460,Kaingo,KA_S04,8460,0,449.72,20.93,996.666666666667,3.55859939727211,9.22124035384905,0.262202596294862
KA_S04_P04,2024-03-15T10:10:51.924Z,0.470919010717244,998,20.85,459.8,5.67921551689506,8.91666666666667,0,8460,Kaingo,KA_S04,8460,0,449.72,20.93,996.666666666667,3.55859939727211,9.22124035384905,0.262202596294862
KA_S04_P05,2024-03-15T11:02:56.229Z,0.718845185520046,999.5,20.85,459.8,9.6481746431926,2.45454545454545,0,8460,Kaingo,KA_S04,8460,0,449.72,20.93,996.666666666667,3.55859939727211,9.22124035384905,0.262202596294862
KA_S05_P01,2024-03-16T06:41:49.132999Z,8.49356268701099,1148,19.65,447.2,48.85404082707,1.22727272727273,0,8460,Kaingo,KA_S05,8460,0,447.2,19.65,1151.96666666667,44.4519752045215,1.17878787878788,8.93539053067823
KA_S05_P02,2024-03-16T08:07:36.058998Z,8.43136506438965,1150,19.65,447.2,47.6084081899552,0,0,8460,Kaingo,KA_S05,8460,0,447.2,19.65,1151.96666666667,44.4519752045215,1.17878787878788,8.93539053067823
KA_S05_P03,2024-03-16T08:18:07.968Z,3.22929036414081,1152,19.65,447.2,17.132518323985,0,0,8460,Kaingo,KA_S05,8460,0,447.2,19.65,1151.96666666667,44.4519752045215,1.17878787878788,8.93539053067823
KA_S05_P04,2024-03-16T09:03:53.999001Z,7.30148272500152,1153.5,19.65,447.2,38.4776628358024,0,0,8460,Kaingo,KA_S05,8460,0,447.2,19.65,1151.96666666667,44.4519752045215,1.17878787878788,8.93539053067823
KA_S05_P05,2024-03-16T10:01:13.416Z,17.2212518128482,1156.33333333333,19.65,447.2,70.1872458457947,4.66666666666667,0,8460,Kaingo,KA_S05,8460,0,447.2,19.65,1151.96666666667,44.4519752045215,1.17878787878788,8.93539053067823
SW_S01_P01,2024-03-18T14:15:01.409Z,5.31983376362107,1084,20.45,529.8,26.7273690537973,5.27272727272727,0,8460,Swebeswebe,SW_S01,8460,0,529.8,20.45,1083.8,27.1083955885012,1.60692640692641,4.82489460437071
SW_S01_P02,2024-03-18T14:47:12.212Z,3.92788251421668,1083,20.45,529.8,26.3249619657343,0.80952380952381,0,8460,Swebeswebe,SW_S01,8460,0,529.8,20.45,1083.8,27.1083955885012,1.60692640692641,4.82489460437071
SW_S01_P03,2024-03-18T15:19:22.667999Z,2.67376696637699,1084,20.45,529.8,17.4040021442232,0,0,8460,Swebeswebe,SW_S01,8460,0,529.8,20.45,1083.8,27.1083955885012,1.60692640692641,4.82489460437071
SW_S01_P04,2024-03-18T16:00:29.997Z,6.42095217605432,1084,20.45,529.8,32.6995313848768,1.95238095238095,0,8460,Swebeswebe,SW_S01,8460,0,529.8,20.45,1083.8,27.1083955885012,1.60692640692641,4.82489460437071
SW_S01_P05,2024-03-18T16:25:44.051998Z,5.78203760158448,1084,20.45,529.8,32.3861133938744,0,0,8460,Swebeswebe,SW_S01,8460,0,529.8,20.45,1083.8,27.1083955885012,1.60692640692641,4.82489460437071
SW_S02_P01,2024-03-20T06:34:23.518Z,19.9583156449454,1047,20.65,527.4,85.2355729965937,0,0,8460,Swebeswebe,SW_S02,8460,0,527.4,20.65,1044.35,76.484669731629,0,18.8691452084199
SW_S02_P02,2024-03-20T07:07:15.124Z,13.0034633812151,1046,20.65,527.4,71.6497258136147,0,0,8460,Swebeswebe,SW_S02,8460,0,527.4,20.65,1044.35,76.484669731629,0,18.8691452084199
SW_S02_P03,2024-03-20T07:53:22.433001Z,24.5547666964324,1046,20.65,527.4,77.5350173452626,0,0,8460,Swebeswebe,SW_S02,8460,0,527.4,20.65,1044.35,76.484669731629,0,18.8691452084199
SW_S02_P04,2024-03-20T08:40:55.303001Z,27.7248894827707,1043.25,20.65,527.4,92.6266286940802,0,0,8460,Swebeswebe,SW_S02,8460,0,527.4,20.65,1044.35,76.484669731629,0,18.8691452084199
SW_S02_P05,2024-03-20T09:39:00.877Z,9.10429083673578,1039.5,20.65,527.4,55.3764038085938,0,0,8460,Swebeswebe,SW_S02,8460,0,527.4,20.65,1044.35,76.484669731629,0,18.8691452084199
SW_S03_P01,2024-03-20T12:37:34.730999Z,3.19638773657027,1029,20.95,510,17.9285075579371,3.94736842105263,0,8460,Swebeswebe,SW_S03,8460,0,510.18,20.89,1028.8,50.0190953540802,0.789473684210526,9.8035389904394
SW_S03_P02,2024-03-20T13:01:15.839Z,2.70241203460665,1029.5,20.9,510.15,19.2887586951256,0,0,8460,Swebeswebe,SW_S03,8460,0,510.18,20.89,1028.8,50.0190953540802,0.789473684210526,9.8035389904394
SW_S03_P03,2024-03-20T13:34:49Z,11.6541170960381,1031,20.9,510.15,62.7253571464902,0,0,8460,Swebeswebe,SW_S03,8460,0,510.18,20.89,1028.8,50.0190953540802,0.789473684210526,9.8035389904394
SW_S03_P04,2024-03-20T14:22:59.441002Z,18.9041226818448,1028,20.85,510.3,81.2019161950974,0,0,8460,Swebeswebe,SW_S03,8460,0,510.18,20.89,1028.8,50.0190953540802,0.789473684210526,9.8035389904394
SW_S03_P05,2024-03-20T14:53:09.569Z,12.5606554031372,1026.5,20.85,510.3,68.9509371757507,0,0,8460,Swebeswebe,SW_S03,8460,0,510.18,20.89,1028.8,50.0190953540802,0.789473684210526,9.8035389904394
SW_S04_P01,2024-03-21T05:52:49.596001Z,21.847691189159,1090,20.2500000000001,536.1,90.3939271406694,2.9047619047619,0,8460,Swebeswebe,SW_S04,8460,0,536.1,20.2500000000001,1087.3,57.0375259325192,3.21818181818182,11.3057131022142
SW_S04_P02,2024-03-21T06:09:37.289001Z,7.4983479147372,1088,20.2500000000001,536.1,46.6313421829887,2.28571428571429,0,8460,Swebeswebe,SW_S04,8460,0,536.1,20.2500000000001,1087.3,57.0375259325192,3.21818181818182,11.3057131022142
SW_S04_P03,2024-03-21T06:53:38.292Z,11.1360772904896,1087,20.2500000000001,536.1,63.0591410682315,5.09090909090909,0,8460,Swebeswebe,SW_S04,8460,0,536.1,20.2500000000001,1087.3,57.0375259325192,3.21818181818182,11.3057131022142
SW_S04_P04,2024-03-21T07:39:59.109001Z,9.2170588509603,1086,20.2500000000001,536.1,44.1203093312003,2.61904761904762,0,8460,Swebeswebe,SW_S04,8460,0,536.1,20.2500000000001,1087.3,57.0375259325192,3.21818181818182,11.3057131022142
SW_S04_P05,2024-03-21T08:17:07.987Z,6.82939026572488,1085.5,20.2500000000001,536.1,40.9829099395058,3.19047619047619,0,8460,Swebeswebe,SW_S04,8460,0,536.1,20.2500000000001,1087.3,57.0375259325192,3.21818181818182,11.3057131022142
SW_S05_P01,2024-03-21T10:31:03.389Z,1.9237835442736,1127,20.2500000000001,512.6,19.3308000394276,5.13636363636364,0,8460,Swebeswebe,SW_S05,8460,0,512.75,20.2200000000001,1123.3,20.1363185883188,5.9034632034632,3.00195461529771
SW_S05_P02,2024-03-21T10:54:18.673Z,2.95906641402028,1125,20.2500000000001,512.6,17.772405510599,5.23809523809524,0,8460,Swebeswebe,SW_S05,8460,0,512.75,20.2200000000001,1123.3,20.1363185883188,5.9034632034632,3.00195461529771
SW_S05_P03,2024-03-21T11:34:33.608002Z,2.94118522781701,1123,20.2500000000001,512.6,17.6656024456024,8.47619047619048,0,8460,Swebeswebe,SW_S05,8460,0,512.75,20.2200000000001,1123.3,20.1363185883188,5.9034632034632,3.00195461529771
SW_S05_P04,2024-03-21T12:23:01.745Z,3.70882687903941,1121.5,20.2500000000001,512.6,24.6876526355743,6.19047619047619,0,8460,Swebeswebe,SW_S05,8460,0,512.75,20.2200000000001,1123.3,20.1363185883188,5.9034632034632,3.00195461529771
SW_S05_P05,2024-03-21T13:00:36.689999Z,3.47691101133823,1120,20.1000000000001,513.35,21.2251323103905,4.47619047619048,0,8460,Swebeswebe,SW_S05,8460,0,512.75,20.2200000000001,1123.3,20.1363185883188,5.9034632034632,3.00195461529771
MA_S01_P01,2024-03-24T08:40:10.736Z,26.9326190040225,1026,20.7500000000001,529.4,96.7449380783808,3.76190476190476,0,8460,Marakele,MA_S01,8460,0,529.4,20.7500000000001,1025.65,91.1170623779297,3.04675324675325,24.7236394973028
MA_S01_P02,2024-03-24T09:25:58.893002Z,22.261326789856,1026.5,20.7500000000001,529.4,93.3693945748465,0.136363636363636,0,8460,Marakele,MA_S01,8460,0,529.4,20.7500000000001,1025.65,91.1170623779297,3.04675324675325,24.7236394973028
MA_S01_P03,2024-03-24T10:25:26.361Z,22.4634335835775,1025.5,20.7500000000001,529.4,86.2176317487444,0,0,8460,Marakele,MA_S01,8460,0,529.4,20.7500000000001,1025.65,91.1170623779297,3.04675324675325,24.7236394973028
MA_S01_P04,2024-03-24T11:24:18.763Z,24.3613695417132,1025.25,20.7500000000001,529.4,89.5882386707124,5.95454545454545,0,8460,Marakele,MA_S01,8460,0,529.4,20.7500000000001,1025.65,91.1170623779297,3.04675324675325,24.7236394973028
MA_S01_P05,2024-03-24T11:55:00.860Z,27.599448567345,1025,20.7500000000001,529.4,89.6651088169643,5.38095238095238,0,8460,Marakele,MA_S01,8460,0,529.4,20.7500000000001,1025.65,91.1170623779297,3.04675324675325,24.7236394973028
MA_S02_P01,2024-03-24T13:26:36.495998Z,8.6500611298141,1020.66666666667,20.7500000000001,564.9,34.8285386562347,2.42857142857143,0,8460,Marakele,MA_S02,8460,0,564.9,20.7500000000001,1021.38333333333,21.3610128874131,3.44761904761905,4.82623373068541
MA_S02_P02,2024-03-24T13:47:24.916Z,3.1857137887908,1020,20.7500000000001,564.9,17.1443119699305,0,0,8460,Marakele,MA_S02,8460,0,564.9,20.7500000000001,1021.38333333333,21.3610128874131,3.44761904761905,4.82623373068541
MA_S02_P03,2024-03-24T14:41:13.439Z,1.96206967234612,1020,20.7500000000001,564.9,11.9260501443408,3.80952380952381,0,8460,Marakele,MA_S02,8460,0,564.9,20.7500000000001,1021.38333333333,21.3610128874131,3.44761904761905,4.82623373068541
MA_S02_P04,2024-03-24T15:24:25.707001Z,2.86658907264633,1022.25,20.7500000000001,564.9,15.5701948378397,6,0,8460,Marakele,MA_S02,8460,0,564.9,20.7500000000001,1021.38333333333,21.3610128874131,3.44761904761905,4.82623373068541
MA_S02_P05,2024-03-24T15:51:51.160999Z,7.46673498982969,1024,20.7500000000001,564.9,27.3359688287196,5,0,8460,Marakele,MA_S02,8460,0,564.9,20.7500000000001,1021.38333333333,21.3610128874131,3.44761904761905,4.82623373068541
MA_S03_P01,2024-03-25T08:07:39.131001Z,7.6609151696875,1034.5,20.7500000000001,576.3,36.5957701773871,1.22727272727273,0,8460,Marakele,MA_S03,8460,0,576.3,20.7500000000001,1035.51666666667,43.9134420985267,0.7,10.6205398362307
MA_S03_P02,2024-03-25T08:25:02.324Z,10.3777161964348,1035,20.7500000000001,576.3,44.09477579026,0,0,8460,Marakele,MA_S03,8460,0,576.3,20.7500000000001,1035.51666666667,43.9134420985267,0.7,10.6205398362307
MA_S03_P03,2024-03-25T08:57:04.971Z,14.2755976376079,1035.75,20.7500000000001,576.3,51.0014079411825,0.727272727272727,0,8460,Marakele,MA_S03,8460,0,576.3,20.7500000000001,1035.51666666667,43.9134420985267,0.7,10.6205398362307
MA_S03_P04,2024-03-25T09:29:17.209999Z,13.0473528589521,1036.33333333333,20.7500000000001,576.3,53.8255077543713,1.54545454545455,0,8460,Marakele,MA_S03,8460,0,576.3,20.7500000000001,1035.51666666667,43.9134420985267,0.7,10.6205398362307
MA_S03_P05,2024-03-25T10:00:45.354Z,7.74111731847127,1036,20.7500000000001,576.3,34.0497488294329,0,0,8460,Marakele,MA_S03,8460,0,576.3,20.7500000000001,1035.51666666667,43.9134420985267,0.7,10.6205398362307
MA_S04_P01,2024-03-25T11:08:14.938Z,14.1121834573292,1039.25,20.65,576.5,47.4723547980899,0,0,8460,Marakele,MA_S04,8460,0,566.98,20.65,1038.31666666667,42.1102966302401,1.00562770562771,9.97644554494005
MA_S04_P02,2024-03-25T11:25:50.041Z,7.26265943592245,1038,20.65,564.6,33.6448258486661,2.95454545454545,0,8460,Marakele,MA_S04,8460,0,566.98,20.65,1038.31666666667,42.1102966302401,1.00562770562771,9.97644554494005
MA_S04_P03,2024-03-25T11:57:40.639999Z,8.51651514118368,1038.33333333333,20.65,564.6,40.7513650980863,1.33333333333333,0,8460,Marakele,MA_S04,8460,0,566.98,20.65,1038.31666666667,42.1102966302401,1.00562770562771,9.97644554494005
MA_S04_P04,2024-03-25T12:41:18.596001Z,11.0253237031755,1038,20.65,564.6,48.7655151912144,0.285714285714286,0,8460,Marakele,MA_S04,8460,0,566.98,20.65,1038.31666666667,42.1102966302401,1.00562770562771,9.97644554494005
MA_S04_P05,2024-03-25T13:06:52.893002Z,8.96554598708948,1038,20.65,564.6,39.9174222151438,0.454545454545455,0,8460,Marakele,MA_S04,8460,0,566.98,20.65,1038.31666666667,42.1102966302401,1.00562770562771,9.97644554494005
MA_S05_P01,2024-03-26T07:34:59.938Z,60.7395332336426,1050.5,20.55,534,100,1.45833333333333,0,8460,Marakele,MA_S05,8460,0,534,20.55,1049.8,99.1853303389116,4.09836523125997,60.4022543405971
MA_S05_P02,2024-03-26T08:00:34.453999Z,77.9433412097749,1050,20.55,534,100,0,0,8460,Marakele,MA_S05,8460,0,534,20.55,1049.8,99.1853303389116,4.09836523125997,60.4022543405971
MA_S05_P03,2024-03-26T08:50:30.926001Z,59.0229565302531,1050,20.55,534,96.7272872924805,2.57894736842105,0,8460,Marakele,MA_S05,8460,0,534,20.55,1049.8,99.1853303389116,4.09836523125997,60.4022543405971
MA_S05_P04,2024-03-26T10:01:04.258Z,56.1361416903409,1049.5,20.55,534,100,10.9090909090909,0,8460,Marakele,MA_S05,8460,0,534,20.55,1049.8,99.1853303389116,4.09836523125997,60.4022543405971
MA_S05_P05,2024-03-26T10:51:22.159Z,48.1692990389737,1049,20.55,534,99.1993644020774,5.54545454545455,0,8460,Marakele,MA_S05,8460,0,534,20.55,1049.8,99.1853303389116,4.09836523125997,60.4022543405971
