plot_ID,date_time,canopy_height_plot,elevation_plot,mat_plot,map_plot,tree_cover_plot,reiner_tree_cover_plot,reserve,site_ID,canopy_height_site,elevation_site,mat_site,map_site,tree_cover_site,reiner_tree_cover_site
LA_S01_P01,2024-02-15T07:10:34.061001Z,5.7286868095398,1193.71081542969,19.25,487.399993896484,35.6245307922363,8.11771774291992,Lapalala,LA_S01,5.11914024353027,1195.84453125,19.25,487.400012207031,32.1301750183105,6.34829483032227
LA_S01_P02,2024-02-15T10:18:11.451Z,2.41130685806274,1194.50073242188,19.25,487.400024414063,16.7251205444336,4.62941312789917,Lapalala,LA_S01,5.11914024353027,1195.84453125,19.25,487.400012207031,32.1301750183105,6.34829483032227
LA_S01_P03,2024-02-15T12:26:57.879002Z,4.04576969146729,1196.61706542969,19.25,487.400024414063,30.0651340484619,4.30942440032959,Lapalala,LA_S01,5.11914024353027,1195.84453125,19.25,487.400012207031,32.1301750183105,6.34829483032227
LA_S02_P01,2024-02-16T06:54:08.490Z,4.24212646484375,1190.21606445313,19.3500003814697,550.599975585938,21.7030010223389,4.19168710708618,Lapalala,LA_S02,9.79611682891846,1186.04826660156,19.35,550.6,53.5759426116943,5.18885698318482
LA_S02_P02,2024-02-16T07:50:34.630001Z,10.0384178161621,1188.2763671875,19.3500003814697,550.600036621094,53.6343498229981,4.86033439636231,Lapalala,LA_S02,9.79611682891846,1186.04826660156,19.35,550.6,53.5759426116943,5.18885698318482
LA_S02_P03,2024-02-16T08:51:24.445999Z,12.7752695083618,1187,19.3499984741211,550.600036621094,74.3240203857422,4.95738983154297,Lapalala,LA_S02,9.79611682891846,1186.04826660156,19.35,550.6,53.5759426116943,5.18885698318482
LA_S02_P04,2024-02-16T10:12:54.868Z,10.8741550445557,1185.14172363281,19.3500003814697,550.599975585938,62.3870658874512,6.87026929855347,Lapalala,LA_S02,9.79611682891846,1186.04826660156,19.35,550.6,53.5759426116943,5.18885698318482
LA_S02_P05,2024-02-16T11:40:06.968Z,11.0506153106689,1179.60717773438,19.3500003814697,550.599975585938,55.8312759399414,5.06460428237915,Lapalala,LA_S02,9.79611682891846,1186.04826660156,19.35,550.6,53.5759426116943,5.18885698318482
LA_S01_P04,2024-02-16T14:29:09.492Z,7.80259418487549,1197,19.25,487.400024414063,47.4779853820801,7.27983093261719,Lapalala,LA_S01,5.11914024353027,1195.84453125,19.25,487.400012207031,32.1301750183105,6.34829483032227
LA_S01_P05,2024-02-16T14:32:24.346001Z,5.60734367370606,1197.39404296875,19.25,487.399993896484,30.7581043243408,7.40508794784546,Lapalala,LA_S01,5.11914024353027,1195.84453125,19.25,487.400012207031,32.1301750183105,6.34829483032227
LA_S03_P01,2024-02-17T08:31:54.053001Z,14.9709558486938,1193.11022949219,19.25,492,73.6399765014649,1.09997034072876,Lapalala,LA_S03,13.3563892364502,1193.75244140625,19.25,492,60.8801597595215,2.71493353843689
LA_S03_P02,2024-02-17T09:54:20.701Z,13.8490495681763,1193.81689453125,19.25,492.000030517578,62.9817428588867,5.04084968566895,Lapalala,LA_S03,13.3563892364502,1193.75244140625,19.25,492,60.8801597595215,2.71493353843689
LA_S03_P03,2024-02-17T11:28:13.379Z,11.6157789230347,1194,19.25,491.999969482422,43.8617706298828,2.23408555984497,Lapalala,LA_S03,13.3563892364502,1193.75244140625,19.25,492,60.8801597595215,2.71493353843689
LA_S03_P04,2024-02-17T12:52:20.426001Z,8.5016450881958,1194.21826171875,19.25,492,46.0877265930176,3.04813385009766,Lapalala,LA_S03,13.3563892364502,1193.75244140625,19.25,492,60.8801597595215,2.71493353843689
LA_S03_P05,2024-02-17T14:50:14Z,17.8445167541504,1193.61682128906,19.25,492,77.8295822143555,2.15162825584412,Lapalala,LA_S03,13.3563892364502,1193.75244140625,19.25,492,60.8801597595215,2.71493353843689
LA_S04_P01,2024-02-18T06:45:47.152Z,37.0023880004883,1192.55163574219,19.3500003814697,489.500030517578,99.9701690673828,1.83115613460541,Lapalala,LA_S04,24.9330671310425,1190.68081054688,19.3500003814697,489.499993896484,86.6135498046875,5.79305493831635
LA_S04_P02,2024-02-18T07:19:13.249Z,26.2412014007568,1191,19.3500003814697,489.5,92.3969802856445,6.38320541381836,Lapalala,LA_S04,24.9330671310425,1190.68081054688,19.3500003814697,489.499993896484,86.6135498046875,5.79305493831635
LA_S04_P03,2024-02-18T08:46:54.111Z,28.3579845428467,1190.83386230469,19.3500003814697,489.5,91.1712417602539,6.83125400543213,Lapalala,LA_S04,24.9330671310425,1190.68081054688,19.3500003814697,489.499993896484,86.6135498046875,5.79305493831635
LA_S04_P04,2024-02-18T09:59:34.535Z,17.0733757019043,1189.83740234375,19.3500003814697,489.499969482422,78.5712280273438,6.98597049713135,Lapalala,LA_S04,24.9330671310425,1190.68081054688,19.3500003814697,489.499993896484,86.6135498046875,5.79305493831635
LA_S04_P05,2024-02-18T10:45:48.667Z,15.9903860092163,1189.18115234375,19.3500003814697,489.499969482422,70.9581298828125,6.93368864059448,Lapalala,LA_S04,24.9330671310425,1190.68081054688,19.3500003814697,489.499993896484,86.6135498046875,5.79305493831635
LA_S05_P01,2024-02-18T12:29:32.223999Z,4.58951282501221,1146.36474609375,19.6499996185303,500.200012207031,25.7202796936035,3.6168360710144,Lapalala,LA_S05,7.57793741226196,1145.55727539063,19.6361827850342,502.079132080078,36.7572315216064,7.09708662033081
LA_S05_P02,2024-02-18T12:37:39.719002Z,2.77167654037476,1145.81713867188,19.6499996185303,500.199981689453,20.983419418335,4.83205604553223,Lapalala,LA_S05,7.57793741226196,1145.55727539063,19.6361827850342,502.079132080078,36.7572315216064,7.09708662033081
LA_S05_P03,2024-02-18T13:22:49.505001Z,18.6273460388184,1144.5791015625,19.6499996185303,500.200012207031,66.5608749389649,13.3255033493042,Lapalala,LA_S05,7.57793741226196,1145.55727539063,19.6361827850342,502.079132080078,36.7572315216064,7.09708662033081
LA_S05_P04,2024-02-18T14:06:32.612999Z,5.3422703742981,1145,19.6500015258789,500.199981689453,34.4586563110352,5.92605447769165,Lapalala,LA_S05,7.57793741226196,1145.55727539063,19.6361827850342,502.079132080078,36.7572315216064,7.09708662033081
LA_S05_P05,2024-02-18T14:59:25.992001Z,6.5588812828064,1146.025390625,19.5809135437012,509.595672607422,36.0629272460938,7.78498315811157,Lapalala,LA_S05,7.57793741226196,1145.55727539063,19.6361827850342,502.079132080078,36.7572315216064,7.09708662033081
JE_S01_P01,2024-02-21T11:18:58.882Z,5.12281942367554,1195.55737304688,19.1499996185303,549.899963378906,23.2324867248535,12.5518388748169,Jembisa,JE_S01,4.20197291374207,1198.37595214844,19.1499996185303,549.900012207031,23.2479499816895,8.93873300552368
JE_S01_P02,2024-02-21T11:26:52.594002Z,5.14082717895508,1196,19.1499996185303,549.900024414063,26.6883907318115,13.6873874664307,Jembisa,JE_S01,4.20197291374207,1198.37595214844,19.1499996185303,549.900012207031,23.2479499816895,8.93873300552368
JE_S01_P03,2024-02-21T12:33:11.599Z,3.75165414810181,1199.36145019531,19.1499996185303,549.900024414063,22.9604377746582,3.30527544021606,Jembisa,JE_S01,4.20197291374207,1198.37595214844,19.1499996185303,549.900012207031,23.2479499816895,8.93873300552368
JE_S01_P04,2024-02-21T14:08:45.867001Z,3.32773399353027,1199.43615722656,19.1499996185303,549.900024414063,22.0030632019043,8.27878379821777,Jembisa,JE_S01,4.20197291374207,1198.37595214844,19.1499996185303,549.900012207031,23.2479499816895,8.93873300552368
JE_S01_P05,2024-02-21T14:22:35.028999Z,3.66682982444763,1201.52478027344,19.1499996185303,549.900024414063,21.3553714752197,6.87037944793701,Jembisa,JE_S01,4.20197291374207,1198.37595214844,19.1499996185303,549.900012207031,23.2479499816895,8.93873300552368
JE_S02_P01,2024-02-22T09:09:43.544998Z,0.38001474738121,1227,18.9500007629395,527,2.8637216091156,6.45062446594238,Jembisa,JE_S02,0.152916924655437,1231.04243164063,18.9500003814697,527,1.64975090585649,11.7455665588379
JE_S02_P02,2024-02-22T09:55:04.579Z,0.26679390668869,1229.02014160156,18.9500007629395,527,4.13556671142578,16.0796527862549,Jembisa,JE_S02,0.152916924655437,1231.04243164063,18.9500003814697,527,1.64975090585649,11.7455665588379
JE_S02_P03,2024-02-22T10:48:06.615Z,0.117775969207287,1231.48681640625,18.9499988555908,527,1.24088001251221,8.24742794036865,Jembisa,JE_S02,0.152916924655437,1231.04243164063,18.9500003814697,527,1.64975090585649,11.7455665588379
JE_S02_P04,2024-02-22T11:28:48.737999Z,0,1233.07800292969,18.9500007629395,527,0.00858619622886181,14.7650375366211,Jembisa,JE_S02,0.152916924655437,1231.04243164063,18.9500003814697,527,1.64975090585649,11.7455665588379
JE_S02_P05,2024-02-22T12:00:56.363998Z,0,1234.62719726563,18.9500007629395,527,0,13.1850900650024,Jembisa,JE_S02,0.152916924655437,1231.04243164063,18.9500003814697,527,1.64975090585649,11.7455665588379
JE_S03_P01,2024-02-22T13:06:43.528Z,0.504836797714233,1268.48913574219,18.5500011444092,543.300048828125,5.35417175292969,6.79622602462769,Jembisa,JE_S03,0.11451553851366,1272.28542480469,18.5500003814697,543.3,1.16506570577621,5.36922707557678
JE_S03_P02,2024-02-22T13:25:39.584999Z,0.0677408948540688,1271.89404296875,18.5499992370605,543.299987792969,0.471156775951386,6.72174978256226,Jembisa,JE_S03,0.11451553851366,1272.28542480469,18.5500003814697,543.3,1.16506570577621,5.36922707557678
JE_S03_P03,2024-02-22T14:05:35.821999Z,0,1273,18.5499992370605,543.299987792969,0,7.07713937759399,Jembisa,JE_S03,0.11451553851366,1272.28542480469,18.5500003814697,543.3,1.16506570577621,5.36922707557678
JE_S03_P04,2024-02-22T14:25:24.697001Z,0,1274.0439453125,18.5500011444092,543.299987792969,0,3.17535400390625,Jembisa,JE_S03,0.11451553851366,1272.28542480469,18.5500003814697,543.3,1.16506570577621,5.36922707557678
JE_S03_P05,2024-02-22T15:12:40.500Z,0,1274,18.5500011444092,543.299987792969,0,3.07566618919373,Jembisa,JE_S03,0.11451553851366,1272.28542480469,18.5500003814697,543.3,1.16506570577621,5.36922707557678
JE_S04_P01,2024-02-23T06:57:43.764999Z,10.4102306365967,1214.61608886719,18.9500007629395,560,49.3938407897949,5.85135364532471,Jembisa,JE_S04,4.66701155900955,1217.7375,18.9500007629395,560,23.4916634559631,4.66897082328796
JE_S04_P02,2024-02-23T08:31:43.533001Z,4.91406297683716,1217,18.9500007629395,560,30.244571685791,6.84651613235474,Jembisa,JE_S04,4.66701155900955,1217.7375,18.9500007629395,560,23.4916634559631,4.66897082328796
JE_S04_P03,2024-02-23T08:40:59.762001Z,3.34442234039307,1217.67895507813,18.9500007629395,560,15.3215389251709,1.69580054283142,Jembisa,JE_S04,4.66701155900955,1217.7375,18.9500007629395,560,23.4916634559631,4.66897082328796
JE_S04_P04,2024-02-23T09:26:04.990Z,0.778482973575592,1219,18.9500007629395,560,4.69826936721802,3.40783548355103,Jembisa,JE_S04,4.66701155900955,1217.7375,18.9500007629395,560,23.4916634559631,4.66897082328796
JE_S04_P05,2024-02-23T10:28:07.740Z,3.88785886764526,1220.39245605469,18.9500007629395,560,17.8000965118408,5.54334831237793,Jembisa,JE_S04,4.66701155900955,1217.7375,18.9500007629395,560,23.4916634559631,4.66897082328796
JE_S05_P01,2024-02-23T12:09:43.047001Z,0.115629948675632,1190.04162597656,19.25,530.299987792969,1.07225096225739,4.55118608474731,Jembisa,JE_S05,2.80135286599398,1191.60502929688,19.25,530.299987792969,13.8835915803909,9.04940218925476
JE_S05_P02,2024-02-23T12:33:57.999001Z,0.702129244804382,1191.31884765625,19.25,530.299987792969,8.22345352172852,2.72270512580872,Jembisa,JE_S05,2.80135286599398,1191.60502929688,19.25,530.299987792969,13.8835915803909,9.04940218925476
JE_S05_P03,2024-02-23T13:13:16.384001Z,1.13825345039368,1192,19.25,530.299987792969,9.75388336181641,11.3297567367554,Jembisa,JE_S05,2.80135286599398,1191.60502929688,19.25,530.299987792969,13.8835915803909,9.04940218925476
JE_S05_P04,2024-02-23T14:15:18.289Z,6.8790340423584,1192.66467285156,19.25,530.299987792969,29.4562244415283,16.7055492401123,Jembisa,JE_S05,2.80135286599398,1191.60502929688,19.25,530.299987792969,13.8835915803909,9.04940218925476
JE_S05_P05,2024-02-23T15:15:02.910Z,5.17171764373779,1192,19.25,530.299987792969,20.912145614624,9.9378137588501,Jembisa,JE_S05,2.80135286599398,1191.60502929688,19.25,530.299987792969,13.8835915803909,9.04940218925476
WI_S01_P01,2024-02-24T06:24:19.187Z,3.06746673583984,1164,19.4500007629395,583.099975585938,15.3467721939087,5.45484399795532,Willowisp,WI_S01,2.07144222259522,1161.72006835938,19.4500007629395,582.903332519531,12.0724924087524,4.6528263092041
WI_S01_P02,2024-02-24T07:14:06.843Z,0.925631523132324,1162.80407714844,19.4500007629395,583.099975585938,5.67808437347412,3.10436415672302,Willowisp,WI_S01,2.07144222259522,1161.72006835938,19.4500007629395,582.903332519531,12.0724924087524,4.6528263092041
WI_S01_P03,2024-02-24T08:31:19.040001Z,1.98763024806976,1162,19.4500007629395,583.099975585938,9.07554244995117,4.69213342666626,Willowisp,WI_S01,2.07144222259522,1161.72006835938,19.4500007629395,582.903332519531,12.0724924087524,4.6528263092041
WI_S01_P04,2024-02-24T09:50:03.102Z,2.93907499313355,1161.41479492188,19.4500007629395,583.099975585938,18.0420627593994,7.49649477005005,Willowisp,WI_S01,2.07144222259522,1161.72006835938,19.4500007629395,582.903332519531,12.0724924087524,4.6528263092041
WI_S01_P05,2024-02-24T10:36:48.387001Z,1.4374076128006,1158.38146972656,19.4500007629395,582.116760253906,12.2200002670288,2.51629519462585,Willowisp,WI_S01,2.07144222259522,1161.72006835938,19.4500007629395,582.903332519531,12.0724924087524,4.6528263092041
WI_S02_P01,2024-02-24T12:05:00.032Z,5.77900362014771,1158,19.4500007629395,576.5,26.6595821380615,2.27451992034912,Willowisp,WI_S02,5.83987631797791,1162.39001464844,19.45,576.5,30.3018646240234,3.98720483779907
WI_S02_P02,2024-02-24T12:27:29.601Z,2.48705840110779,1159.77001953125,19.4500007629395,576.5,16.6136894226074,4.73321676254273,Willowisp,WI_S02,5.83987631797791,1162.39001464844,19.45,576.5,30.3018646240234,3.98720483779907
WI_S02_P03,2024-02-24T13:33:09.516Z,10.9230394363403,1163.00256347656,19.4499988555908,576.5,52.1715698242188,6.16604328155518,Willowisp,WI_S02,5.83987631797791,1162.39001464844,19.45,576.5,30.3018646240234,3.98720483779907
WI_S02_P04,2024-02-24T14:40:21.716999Z,4.3173189163208,1164.95886230469,19.4500007629395,576.5,24.2479858398438,3.34215259552002,Willowisp,WI_S02,5.83987631797791,1162.39001464844,19.45,576.5,30.3018646240234,3.98720483779907
WI_S02_P05,2024-02-24T15:26:48.529999Z,5.6929612159729,1166.21862792969,19.4499988555908,576.5,31.8164958953857,3.42009162902832,Willowisp,WI_S02,5.83987631797791,1162.39001464844,19.45,576.5,30.3018646240234,3.98720483779907
WI_S03_P01,2024-02-25T06:00:16.968Z,22.5170917510986,1193.09729003906,19.25,559.799987792969,86.4013519287109,0.003744708141312,Willowisp,WI_S03,17.9772756576538,1200.30874023437,19.25,559.799987792969,71.0034736633301,4.81187183591537
WI_S03_P02,2024-02-25T06:38:51.618999Z,11.6977968215942,1200.4658203125,19.25,559.799987792969,69.6268615722656,4.2500114440918,Willowisp,WI_S03,17.9772756576538,1200.30874023437,19.25,559.799987792969,71.0034736633301,4.81187183591537
WI_S03_P03,2024-02-25T07:35:18.033001Z,16.4533348083496,1202.1552734375,19.25,559.799987792969,65.2163848876953,4.12762641906738,Willowisp,WI_S03,17.9772756576538,1200.30874023437,19.25,559.799987792969,71.0034736633301,4.81187183591537
WI_S03_P04,2024-02-25T08:13:43.297001Z,17.4846210479736,1203.9853515625,19.25,559.799987792969,61.0172843933106,7.77722311019898,Willowisp,WI_S03,17.9772756576538,1200.30874023437,19.25,559.799987792969,71.0034736633301,4.81187183591537
WI_S03_P05,2024-02-25T08:57:01.628Z,21.7335338592529,1201.83996582031,19.25,559.799987792969,72.755485534668,7.90075349807739,Willowisp,WI_S03,17.9772756576538,1200.30874023437,19.25,559.799987792969,71.0034736633301,4.81187183591537
WI_S04_P01,2024-02-25T10:15:46.113998Z,3.52181911468506,1161.46008300781,19.4500007629395,570,18.8818893432617,2.07880210876465,Willowisp,WI_S04,5.30680775642395,1165.99094238281,19.45,570,27.5784156799316,4.64184417724609
WI_S04_P02,2024-02-25T10:50:09.180Z,9.09342956542969,1162.81591796875,19.4500007629395,570,43.9375152587891,3.25292992591858,Willowisp,WI_S04,5.30680775642395,1165.99094238281,19.45,570,27.5784156799316,4.64184417724609
WI_S04_P03,2024-02-25T11:46:28.671Z,6.86982297897339,1167.02307128906,19.4499988555908,570,34.9514884948731,6.66279125213623,Willowisp,WI_S04,5.30680775642395,1165.99094238281,19.45,570,27.5784156799316,4.64184417724609
WI_S04_P04,2024-02-25T12:22:52.090Z,3.16632270812988,1167.66284179688,19.4500007629395,570,17.1680278778076,7.83914613723755,Willowisp,WI_S04,5.30680775642395,1165.99094238281,19.45,570,27.5784156799316,4.64184417724609
WI_S04_P05,2024-02-25T13:11:57.509998Z,3.88264441490173,1170.99279785156,19.4499988555908,570,22.9531574249268,3.37555146217346,Willowisp,WI_S04,5.30680775642395,1165.99094238281,19.45,570,27.5784156799316,4.64184417724609
WI_S05_P01,2024-02-25T14:20:47.159Z,9.22355651855469,1176,19.3596382141113,565.391540527344,43.5268440246582,2.23900294303894,Willowisp,WI_S05,6.71310229301453,1177.30458984375,19.2950603485107,558.512487792969,36.2172164916992,4.32875924110413
WI_S05_P02,2024-02-25T14:35:19.115Z,9.50113964080811,1175.58898925781,19.25,559.799987792969,46.6870002746582,7.46238088607788,Willowisp,WI_S05,6.71310229301453,1177.30458984375,19.2950603485107,558.512487792969,36.2172164916992,4.32875924110413
WI_S05_P03,2024-02-25T15:09:52.013Z,5.51851272583008,1177.63952636719,19.25,559.799987792969,32.9036636352539,5.41266679763794,Willowisp,WI_S05,6.71310229301453,1177.30458984375,19.2950603485107,558.512487792969,36.2172164916992,4.32875924110413
WI_S05_P04,2024-02-25T15:55:51.634998Z,6.59736251831055,1178,19.2656631469727,558.1708984375,39.7951393127441,3.83384919166565,Willowisp,WI_S05,6.71310229301453,1177.30458984375,19.2950603485107,558.512487792969,36.2172164916992,4.32875924110413
WI_S05_P05,2024-02-25T16:21:39.578999Z,2.72494006156921,1179.29443359375,19.3500003814697,549.400024414063,18.1734352111816,2.69589638710022,Willowisp,WI_S05,6.71310229301453,1177.30458984375,19.2950603485107,558.512487792969,36.2172164916992,4.32875924110413
SY_S01_P01,2024-02-27T12:18:05.359Z,0.0447591543197632,1501.58044433594,17.25,708.100036621094,0.470152199268341,0,Syringa Sands,SY_S01,1.39676089808345,1504.474609375,17.1167694091797,707.900146484375,6.5015017695725,1.8387681722641
SY_S01_P02,2024-02-27T13:14:53.132Z,0,1502.99987792969,17.1838474273682,708.000732421875,0.0574983097612858,0,Syringa Sands,SY_S01,1.39676089808345,1504.474609375,17.1167694091797,707.900146484375,6.5015017695725,1.8387681722641
SY_S01_P03,2024-02-27T13:56:31.028Z,0.115603655576706,1504.63562011719,17.0500011444092,707.799987792969,1.20344805717468,1.56069934368134,Syringa Sands,SY_S01,1.39676089808345,1504.474609375,17.1167694091797,707.900146484375,6.5015017695725,1.8387681722641
SY_S01_P04,2024-02-27T14:43:08.912Z,0.0211245380342007,1505.53515625,17.0499992370605,707.799987792969,0.210913836956024,0,Syringa Sands,SY_S01,1.39676089808345,1504.474609375,17.1167694091797,707.900146484375,6.5015017695725,1.8387681722641
SY_S01_P05,2024-02-27T15:46:26.127001Z,6.80231714248657,1507.62194824219,17.0499992370605,707.799987792969,30.5654964447022,7.63314151763916,Syringa Sands,SY_S01,1.39676089808345,1504.474609375,17.1167694091797,707.900146484375,6.5015017695725,1.8387681722641
SY_S02_P01,2024-02-28T06:12:10.987Z,0.524024188518524,1419.77319335938,17.6499996185303,710.699951171875,3.40393233299255,0.501394033432007,Syringa Sands,SY_S02,5.19522103071213,1424.38129882813,17.6499996185303,710.699975585938,21.7831902980804,7.7682740688324
SY_S02_P02,2024-02-28T06:47:58.949001Z,1.0593683719635,1421.6904296875,17.6499996185303,710.699951171875,5.43100833892822,1.49867677688599,Syringa Sands,SY_S02,5.19522103071213,1424.38129882813,17.6499996185303,710.699975585938,21.7831902980804,7.7682740688324
SY_S02_P03,2024-02-28T07:54:18.589001Z,3.65590763092041,1423,17.6499996185303,710.700012207031,25.1621608734131,7.96483945846558,Syringa Sands,SY_S02,5.19522103071213,1424.38129882813,17.6499996185303,710.699975585938,21.7831902980804,7.7682740688324
SY_S02_P04,2024-02-28T08:36:09.478Z,8.80435752868652,1426.54846191406,17.6499996185303,710.700012207031,34.9632568359375,12.4626131057739,Syringa Sands,SY_S02,5.19522103071213,1424.38129882813,17.6499996185303,710.699975585938,21.7831902980804,7.7682740688324
SY_S02_P05,2024-02-28T09:20:17.934999Z,11.9324474334717,1430.89440917969,17.6499996185303,710.699951171875,39.9555931091309,16.4138469696045,Syringa Sands,SY_S02,5.19522103071213,1424.38129882813,17.6499996185303,710.699975585938,21.7831902980804,7.7682740688324
SY_S03_P01,2024-02-28T11:43:32.794998Z,0.0931715220212936,1505.86950683594,17.0499992370605,708.5,0.755338072776794,0,Syringa Sands,SY_S03,1.93978273570538,1501.70251464844,17.0499996185303,708.5,12.9906992197037,0.890175938606262
SY_S03_P02,2024-02-28T12:14:06.462Z,0.456739664077759,1502.32458496094,17.0499992370605,708.5,2.16801619529724,0,Syringa Sands,SY_S03,1.93978273570538,1501.70251464844,17.0499996185303,708.5,12.9906992197037,0.890175938606262
SY_S03_P03,2024-02-28T12:48:16.221001Z,2.44890403747559,1500.61657714844,17.0500011444092,708.5,11.4703512191772,0.598637938499451,Syringa Sands,SY_S03,1.93978273570538,1501.70251464844,17.0499996185303,708.5,12.9906992197037,0.890175938606262
SY_S03_P04,2024-02-28T13:56:35.208Z,0.8514284491539,1499.99987792969,17.0499992370605,708.5,8.39777660369873,0,Syringa Sands,SY_S03,1.93978273570538,1501.70251464844,17.0499996185303,708.5,12.9906992197037,0.890175938606262
SY_S03_P05,2024-02-28T14:36:04.407Z,5.84867000579834,1499.70202636719,17.0499992370605,708.5,42.1620140075684,3.85224175453186,Syringa Sands,SY_S03,1.93978273570538,1501.70251464844,17.0499996185303,708.5,12.9906992197037,0.890175938606262
SY_S04_P01,2024-02-28T15:35:08.118Z,1.45873391628265,1446.20581054688,17.4500007629395,716.200012207031,5.54675531387329,3.25150442123413,Syringa Sands,SY_S04,23.6209582090378,1443.69174804688,17.4500003814697,716.200012207031,45.0916642189026,28.527889919281
SY_S04_P02,2024-02-28T15:56:25.118Z,9.97803115844727,1445.37219238281,17.4500007629395,716.200012207031,21.7441730499268,9.12600040435791,Syringa Sands,SY_S04,23.6209582090378,1443.69174804688,17.4500003814697,716.200012207031,45.0916642189026,28.527889919281
SY_S04_P03,,14.6372032165527,1443.24719238281,17.4500007629395,716.200012207031,38.6008033752441,9.50098133087158,Syringa Sands,SY_S04,23.6209582090378,1443.69174804688,17.4500003814697,716.200012207031,45.0916642189026,28.527889919281
SY_S05_P01,2024-02-29T06:08:07.227Z,1.27308130264282,1467.16369628906,17.2680683135986,717.269775390625,10.4821300506592,8.52383899688721,Syringa Sands,SY_S05,0.814933928847313,1468.02109375,17.3613983154297,719.696362304688,5.81641198396683,2.95501666234341
SY_S05_P02,2024-02-29T06:32:59.466Z,1.0278354883194,1468,17.3076858520508,718.2998046875,6.98751926422119,3.01066732406616,Syringa Sands,SY_S05,0.814933928847313,1468.02109375,17.3613983154297,719.696362304688,5.81641198396683,2.95501666234341
SY_S05_P03,2024-02-29T07:01:07.528Z,0.477633118629456,1468,17.3656272888184,719.806335449219,4.28675317764282,0,Syringa Sands,SY_S05,0.814933928847313,1468.02109375,17.3613983154297,719.696362304688,5.81641198396683,2.95501666234341
SY_S05_P04,2024-02-29T07:38:53.807999Z,1.21036875247955,1468,17.4147796630859,721.084289550781,6.39393091201782,3.2388162612915,Syringa Sands,SY_S05,0.814933928847313,1468.02109375,17.3613983154297,719.696362304688,5.81641198396683,2.95501666234341
SY_S05_P05,2024-02-29T08:13:13.939Z,0.0857509821653366,1468.94177246094,17.4508304595947,722.021606445313,0.931726515293121,0.00176072947215289,Syringa Sands,SY_S05,0.814933928847313,1468.02109375,17.3613983154297,719.696362304688,5.81641198396683,2.95501666234341
SY_S04_P04,2024-02-29T09:42:17.341Z,32.5200386047363,1442.73327636719,17.4500007629395,716.200012207031,66.9707260131836,37.1134262084961,Syringa Sands,SY_S04,23.6209582090378,1443.69174804688,17.4500003814697,716.200012207031,45.0916642189026,28.527889919281
SY_S04_P05,2024-02-29T10:07:30.746Z,59.5107841491699,1440.90026855469,17.4499988555908,716.200012207031,92.5958633422852,83.6475372314453,Syringa Sands,SY_S04,23.6209582090378,1443.69174804688,17.4500003814697,716.200012207031,45.0916642189026,28.527889919281
SU_S01_P01,2024-03-01T12:33:56.379002Z,1.22784888744354,1356.11730957031,18.3500003814697,607.700012207031,11.5647668838501,3.2304801940918,Summerplace,SU_S01,4.6460209608078,1357.84245605469,18.3500003814697,607.699987792969,23.1485576629639,10.7504819869995
SU_S01_P02,2024-03-01T13:28:07.330Z,2.76460218429565,1357.29565429688,18.3500003814697,607.700012207031,15.6555280685425,10.6851463317871,Summerplace,SU_S01,4.6460209608078,1357.84245605469,18.3500003814697,607.699987792969,23.1485576629639,10.7504819869995
SU_S01_P03,2024-03-01T15:03:08.026Z,10.6548938751221,1358,18.3500003814697,607.699951171875,44.9433212280273,19.3290004730225,Summerplace,SU_S01,4.6460209608078,1357.84245605469,18.3500003814697,607.699987792969,23.1485576629639,10.7504819869995
SU_S01_P04,2024-03-01T15:36:04.941Z,4.2025032043457,1359.49755859375,18.3500003814697,607.699951171875,22.0900783538818,8.4416093826294,Summerplace,SU_S01,4.6460209608078,1357.84245605469,18.3500003814697,607.699987792969,23.1485576629639,10.7504819869995
SU_S01_P05,2024-03-01T16:28:36.304001Z,4.38025665283203,1358.3017578125,18.3500003814697,607.700012207031,21.4890937805176,12.0661735534668,Summerplace,SU_S01,4.6460209608078,1357.84245605469,18.3500003814697,607.699987792969,23.1485576629639,10.7504819869995
SU_S02_P01,2024-03-02T06:17:44.512001Z,6.15609264373779,1322.72741699219,18.5500011444092,587.600036621094,16.2342376708984,11.7563791275024,Summerplace,SU_S02,2.82672857046127,1322.64973144531,18.5915096282959,593.61884765625,7.97134685516357,6.19376640319824
SU_S02_P02,2024-03-02T06:41:54.463001Z,7.67661619186401,1323,18.5500011444092,587.599975585938,20.327428817749,5.8978271484375,Summerplace,SU_S02,2.82672857046127,1322.64973144531,18.5915096282959,593.61884765625,7.97134685516357,6.19376640319824
SU_S02_P03,2024-03-02T07:02:46.284Z,0,1322.08020019531,18.5575466156006,588.694274902344,0,4.0843620300293,Summerplace,SU_S02,2.82672857046127,1322.64973144531,18.5915096282959,593.61884765625,7.97134685516357,6.19376640319824
SU_S02_P04,2024-03-02T09:15:28.440001Z,0,1322.94213867188,18.6499996185303,602.099975585938,0,0,Summerplace,SU_S02,2.82672857046127,1322.64973144531,18.5915096282959,593.61884765625,7.97134685516357,6.19376640319824
SU_S02_P05,2024-03-02T10:01:54.220001Z,0.300934016704559,1322.49890136719,18.6499996185303,602.099975585938,3.29506778717041,9.23026371002197,Summerplace,SU_S02,2.82672857046127,1322.64973144531,18.5915096282959,593.61884765625,7.97134685516357,6.19376640319824
SU_S03_P01,2024-03-02T11:32:25.094Z,7.74064028519206e-05,1350.46337890625,18.3500003814697,640.700012207031,0.000464438402559608,5.72729253768921,Summerplace,SU_S03,0.0366263505988172,1354.28076171875,18.3500003814697,640.7,0.292085355322342,5.13233307749033
SU_S03_P02,2024-03-02T12:09:18.062Z,0,1352,18.3500003814697,640.700012207031,0,1.18402755260468,Summerplace,SU_S03,0.0366263505988172,1354.28076171875,18.3500003814697,640.7,0.292085355322342,5.13233307749033
SU_S03_P03,2024-03-02T13:04:46.313999Z,0.0329553782939911,1354.7939453125,18.3500003814697,640.700012207031,0.263440817594528,0.0387793257832527,Summerplace,SU_S03,0.0366263505988172,1354.28076171875,18.3500003814697,640.7,0.292085355322342,5.13233307749033
SU_S03_P04,2024-03-02T13:40:16.115999Z,0.111840032041073,1355.20751953125,18.3500003814697,640.700012207031,0.913405418395996,10.295241355896,Summerplace,SU_S03,0.0366263505988172,1354.28076171875,18.3500003814697,640.7,0.292085355322342,5.13233307749033
SU_S03_P05,2024-03-02T14:06:17.291Z,0.0382589362561703,1358.93896484375,18.3500003814697,640.699951171875,0.283116102218628,8.41632461547852,Summerplace,SU_S03,0.0366263505988172,1354.28076171875,18.3500003814697,640.7,0.292085355322342,5.13233307749033
SU_S04_P01,2024-03-03T06:17:48.962002Z,1.47939336299896,1487.12707519531,17.4500007629395,651.200012207031,5.07224225997925,1.68461668491364,Summerplace,SU_S04,6.70107867717743,1487.93571777344,17.45,651.200012207031,25.3773682594299,5.45025551319122
SU_S04_P02,2024-03-03T06:53:09.301Z,9.65762615203857,1487.99975585938,17.4499988555908,651.200012207031,27.4161128997803,5.11853408813477,Summerplace,SU_S04,6.70107867717743,1487.93571777344,17.45,651.200012207031,25.3773682594299,5.45025551319122
SU_S04_P03,2024-03-03T07:50:21.264999Z,2.88049030303955,1488.11706542969,17.4500007629395,651.200012207031,11.6141881942749,5.55397891998291,Summerplace,SU_S04,6.70107867717743,1487.93571777344,17.45,651.200012207031,25.3773682594299,5.45025551319122
SU_S04_P04,2024-03-03T09:15:09.580Z,8.02440547943115,1488.4306640625,17.4500007629395,651.200012207031,33.2097549438477,9.75811576843262,Summerplace,SU_S04,6.70107867717743,1487.93571777344,17.45,651.200012207031,25.3773682594299,5.45025551319122
SU_S04_P05,2024-03-03T09:54:25.353001Z,11.4634780883789,1488.00402832031,17.4499988555908,651.200012207031,49.5745429992676,5.13603210449219,Summerplace,SU_S04,6.70107867717743,1487.93571777344,17.45,651.200012207031,25.3773682594299,5.45025551319122
SU_S05_P01,2024-03-03T11:34:43.122002Z,0.00681745773181319,1340.57861328125,18.1516761779785,614.754089355469,0.0945600941777229,8.43963432312012,Summerplace,SU_S05,1.43342685354874,1336.92321777344,18.3881141662598,600.781384277344,11.0227191820741,9.60834164619446
SU_S05_P02,2024-03-03T11:58:51.730Z,0.224319308996201,1338.06665039063,18.2440357208252,606.718872070313,2.97729086875916,13.9868154525757,Summerplace,SU_S05,1.43342685354874,1336.92321777344,18.3881141662598,600.781384277344,11.0227191820741,9.60834164619446
SU_S05_P03,2024-03-03T12:34:05.994Z,5.11636877059937,1336.28088378906,18.2802085876465,604.825561523438,33.9863624572754,9.11857891082764,Summerplace,SU_S05,1.43342685354874,1336.92321777344,18.3881141662598,600.781384277344,11.0227191820741,9.60834164619446
SU_S05_P04,2024-03-03T13:23:54.492001Z,1.66079449653626,1334.99987792969,18.6146507263184,589.6083984375,15.5199403762817,3.85516571998596,Summerplace,SU_S05,1.43342685354874,1336.92321777344,18.3881141662598,600.781384277344,11.0227191820741,9.60834164619446
SU_S05_P05,2024-03-03T14:09:04.516Z,0.158834233880043,1334.69006347656,18.6499996185303,588,2.53544211387634,12.6415138244629,Summerplace,SU_S05,1.43342685354874,1336.92321777344,18.3881141662598,600.781384277344,11.0227191820741,9.60834164619446
DA_S01_P01,2024-03-05T11:57:59.119999Z,18.2146739959717,1292.61474609375,18.6499996185303,606.600036621094,61.8713874816895,9.17253303527832,Dabchick,DA_S01,27.5996612548828,1295.33762207031,18.65,606.6,74.6914176940918,10.8559816360474
DA_S01_P02,2024-03-05T12:39:49.006001Z,27.5561447143555,1293.64416503906,18.6499996185303,606.599975585938,72.8725357055664,11.8341617584229,Dabchick,DA_S01,27.5996612548828,1295.33762207031,18.65,606.6,74.6914176940918,10.8559816360474
DA_S01_P03,2024-03-05T13:50:54.818001Z,18.6689167022705,1295.87902832031,18.6499996185303,606.599975585938,67.3835983276367,6.61093044281006,Dabchick,DA_S01,27.5996612548828,1295.33762207031,18.65,606.6,74.6914176940918,10.8559816360474
DA_S01_P04,2024-03-05T14:58:36.576Z,46.9783630371094,1296.01110839844,18.6500015258789,606.599975585938,91.4726181030274,15.4737701416016,Dabchick,DA_S01,27.5996612548828,1295.33762207031,18.65,606.6,74.6914176940918,10.8559816360474
DA_S01_P05,2024-03-05T15:58:08.406Z,26.580207824707,1298.5390625,18.6499996185303,606.600036621094,79.8569488525391,11.188512802124,Dabchick,DA_S01,27.5996612548828,1295.33762207031,18.65,606.6,74.6914176940918,10.8559816360474
DA_S02_P01,2024-03-06T05:55:41.466999Z,0.606983602046967,1273.53125,18.5499992370605,601.100036621094,4.90178728103638,2.21049284934998,Dabchick,DA_S02,1.49471679925919,1270.91572265625,18.7687339782715,593.808874511719,10.9789834022522,2.28513018190861
DA_S02_P02,2024-03-06T06:28:50.139999Z,2.25368690490723,1271.6484375,18.7436695098877,594.644348144531,17.133716583252,6.73800849914551,Dabchick,DA_S02,1.49471679925919,1270.91572265625,18.7687339782715,593.808874511719,10.9789834022522,2.28513018190861
DA_S02_P03,2024-03-06T07:24:27.274Z,2.28040504455566,1269,18.8500003814697,591.099975585938,13.6631841659546,0.90215927362442,Dabchick,DA_S02,1.49471679925919,1270.91572265625,18.7687339782715,593.808874511719,10.9789834022522,2.28513018190861
DA_S02_P04,2024-03-06T08:19:28.802999Z,0.575207114219666,1269.32739257813,18.8500003814697,591.099975585938,6.08147239685059,0.23055411875248,Dabchick,DA_S02,1.49471679925919,1270.91572265625,18.7687339782715,593.808874511719,10.9789834022522,2.28513018190861
DA_S02_P05,2024-03-06T09:12:15.181Z,1.75730133056641,1271.07153320313,18.8500003814697,591.100036621094,13.1147565841675,1.34443616867065,Dabchick,DA_S02,1.49471679925919,1270.91572265625,18.7687339782715,593.808874511719,10.9789834022522,2.28513018190861
DA_S03_P01,2024-03-06T11:11:16.093Z,6.53922557830811,1243.23413085938,19.0178470611572,583.360534667969,35.6413040161133,4.9354419708252,Dabchick,DA_S03,3.83008400797844,1245.39194335938,18.9236808776856,590.530249023438,20.0203732967377,2.30586199760437
DA_S03_P02,2024-03-06T11:51:17.518999Z,1.18908619880676,1244.49255371094,19.0489921569824,584.076843261719,11.7745923995972,0,Dabchick,DA_S03,3.83008400797844,1245.39194335938,18.9236808776856,590.530249023438,20.0203732967377,2.30586199760437
DA_S03_P03,2024-03-06T12:23:59.480Z,3.06741833686829,1245.35705566406,18.8515644073486,595.013854980469,21.2345809936523,2.29198241233826,Dabchick,DA_S03,3.83008400797844,1245.39194335938,18.9236808776856,590.530249023438,20.0203732967377,2.30586199760437
DA_S03_P04,2024-03-06T13:10:56.230999Z,8.05835342407227,1246,18.8500003814697,595.100036621094,28.3279342651367,4.3018856048584,Dabchick,DA_S03,3.83008400797844,1245.39194335938,18.9236808776856,590.530249023438,20.0203732967377,2.30586199760437
DA_S03_P05,2024-03-06T14:04:26.233999Z,0.296336501836777,1247.8759765625,18.8500003814697,595.099975585938,3.12345480918884,0,Dabchick,DA_S03,3.83008400797844,1245.39194335938,18.9236808776856,590.530249023438,20.0203732967377,2.30586199760437
DA_S04_P01,2024-03-07T06:04:08.605Z,3.44030618667603,1276,18.6499996185303,606.600036621094,24.9383754730225,1.07700109481812,Dabchick,DA_S04,2.19003689289093,1279.56340332031,18.5773685455322,612.120031738281,13.5349957317114,0.894822883605957
DA_S04_P02,2024-03-07T06:37:05.823Z,1.94792246818542,1277.59301757813,18.586841583252,611.400146484375,17.6312866210938,0,Dabchick,DA_S04,2.19003689289093,1279.56340332031,18.5773685455322,612.120031738281,13.5349957317114,0.894822883605957
DA_S04_P03,2024-03-07T07:21:42.160Z,1.63700902462006,1278.11584472656,18.5500011444092,614.200012207031,6.95367240905762,2.10180425643921,Dabchick,DA_S04,2.19003689289093,1279.56340332031,18.5773685455322,612.120031738281,13.5349957317114,0.894822883605957
DA_S04_P04,2024-03-07T08:04:08.377Z,0,1282,18.5500011444092,614.200012207031,0.0420612543821335,0,Dabchick,DA_S04,2.19003689289093,1279.56340332031,18.5773685455322,612.120031738281,13.5349957317114,0.894822883605957
DA_S04_P05,2024-03-07T08:43:14.601Z,3.92494678497314,1284.10815429688,18.5499992370605,614.199951171875,18.109582901001,1.29530906677246,Dabchick,DA_S04,2.19003689289093,1279.56340332031,18.5773685455322,612.120031738281,13.5349957317114,0.894822883605957
DA_S05_P01,2024-03-07T10:19:18.193001Z,9.37580625759438e-06,1402.44775390625,17.9499988555908,610.299987792969,0.363136678934097,0,Dabchick,DA_S05,0.237008666842303,1403.16044921875,17.95,610.299987792969,1.64664062643424,0.712036297749728
DA_S05_P02,2024-03-07T10:48:05.856Z,0,1403.22985839844,17.9499988555908,610.299987792969,0.00761513831093907,2.30003762245178,Dabchick,DA_S05,0.237008666842303,1403.16044921875,17.95,610.299987792969,1.64664062643424,0.712036297749728
DA_S05_P03,2024-03-07T11:33:08.353Z,0.0495698861777782,1404.69812011719,17.9500007629395,610.299987792969,0.545268774032593,1.25358283519745,Dabchick,DA_S05,0.237008666842303,1403.16044921875,17.95,610.299987792969,1.64664062643424,0.712036297749728
DA_S05_P04,2024-03-07T12:36:01.165Z,0,1404,17.9500007629395,610.299987792969,0,0,Dabchick,DA_S05,0.237008666842303,1403.16044921875,17.95,610.299987792969,1.64664062643424,0.712036297749728
DA_S05_P05,2024-03-07T12:59:07.314Z,1.13546407222748,1401.42651367188,17.9500007629395,610.299987792969,7.31718254089356,0.00656103109940887,Dabchick,DA_S05,0.237008666842303,1403.16044921875,17.95,610.299987792969,1.64664062643424,0.712036297749728
AN_S01_P01,2024-03-09T13:31:37.227001Z,2.62908506393433,1260.43249511719,18.8499984741211,549.700012207031,16.5416259765625,11.3210973739624,Ant's Farm,AN_S01,3.42571483296924,1257.76474609375,18.9238353729248,545.639038085938,22.8676096189301,8.11677141189575
AN_S01_P02,2024-03-09T14:00:00.325Z,0.000480922200949863,1258.89379882813,18.9191780090332,545.895263671875,0.00339805497787893,1.43467950820923,Ant's Farm,AN_S01,3.42571483296924,1257.76474609375,18.9238353729248,545.639038085938,22.8676096189301,8.11677141189575
AN_S01_P03,2024-03-09T14:31:08.518Z,1.12036657333374,1256.5478515625,18.9499988555908,544.200012207031,11.4008979797363,7.24842739105225,Ant's Farm,AN_S01,3.42571483296924,1257.76474609375,18.9238353729248,545.639038085938,22.8676096189301,8.11677141189575
AN_S01_P04,2024-03-09T15:19:58.659Z,9.38001441955566,1256.00268554688,18.9500007629395,544.199951171875,65.4787902832031,10.3861246109009,Ant's Farm,AN_S01,3.42571483296924,1257.76474609375,18.9238353729248,545.639038085938,22.8676096189301,8.11677141189575
AN_S01_P05,2024-03-09T16:05:45.946999Z,3.99862718582153,1256.94689941406,18.9500007629395,544.199951171875,20.9133358001709,10.193528175354,Ant's Farm,AN_S01,3.42571483296924,1257.76474609375,18.9238353729248,545.639038085938,22.8676096189301,8.11677141189575
AN_S02_P01,2024-03-10T06:39:14.309Z,12.3693990707397,1346.00012207031,18.4500007629395,559.5,43.4247741699219,10.9188365936279,Ant's Farm,AN_S02,8.67047901153564,1341.89855957031,18.4091289520264,560.501342773438,46.1738296508789,22.8724889755249
AN_S02_P02,2024-03-10T07:16:58.935001Z,9.77405834197998,1343.86499023438,18.4500007629395,559.5,52.2975692749024,14.9022951126099,Ant's Farm,AN_S02,8.67047901153564,1341.89855957031,18.4091289520264,560.501342773438,46.1738296508789,22.8724889755249
AN_S02_P03,2024-03-10T07:58:59.724998Z,5.9760913848877,1338,18.4499988555908,559.5,45.6478309631348,40.1681632995606,Ant's Farm,AN_S02,8.67047901153564,1341.89855957031,18.4091289520264,560.501342773438,46.1738296508789,22.8724889755249
AN_S02_P04,2024-03-10T08:49:10.517Z,3.86377048492432,1340.92395019531,18.4456443786621,559.606750488281,29.3245162963867,27.8552722930908,Ant's Farm,AN_S02,8.67047901153564,1341.89855957031,18.4091289520264,560.501342773438,46.1738296508789,22.8724889755249
AN_S02_P05,2024-03-10T09:28:32.332001Z,11.3690757751465,1340.70373535156,18.25,564.399963378906,60.1744575500488,20.5178775787354,Ant's Farm,AN_S02,8.67047901153564,1341.89855957031,18.4091289520264,560.501342773438,46.1738296508789,22.8724889755249
AN_S03_P01,2024-03-10T10:44:12.470Z,1.25370514392853,1425.27209472656,18.1500015258789,549.399963378906,9.25540447235107,10.7406167984009,Ant's Farm,AN_S03,2.49916000664234,1426.68596191406,18.15,549.4,12.0331175088882,10.8535339355469
AN_S03_P02,2024-03-10T11:16:33.112999Z,1.62664747238159,1425.20861816406,18.1499996185303,549.400024414063,11.7464199066162,9.0417594909668,Ant's Farm,AN_S03,2.49916000664234,1426.68596191406,18.15,549.4,12.0331175088882,10.8535339355469
AN_S03_P03,2024-03-10T12:26:00.259Z,8.51769733428955,1426.68762207031,18.1499996185303,549.400024414063,26.063497543335,13.0020351409912,Ant's Farm,AN_S03,2.49916000664234,1426.68596191406,18.15,549.4,12.0331175088882,10.8535339355469
AN_S03_P04,2024-03-10T13:14:39.382999Z,0.182332709431648,1427.26147460938,18.1499996185303,549.399963378906,1.4566365480423,11.4994201660156,Ant's Farm,AN_S03,2.49916000664234,1426.68596191406,18.15,549.4,12.0331175088882,10.8535339355469
AN_S03_P05,2024-03-10T13:55:44.291Z,0.915417373180389,1429,18.1499996185303,549.400024414063,11.6436290740967,9.98383808135986,Ant's Farm,AN_S03,2.49916000664234,1426.68596191406,18.15,549.4,12.0331175088882,10.8535339355469
AN_S04_P01,2024-03-11T06:31:07.101Z,1.77984488010407,1245.77600097656,19.0480079650879,538.613403320313,14.1078271865845,7.91012954711914,Ant's Farm,AN_S04,4.3386656999588,1242.48193359375,19.049600982666,538.522680664063,23.2260091781616,10.2592567443848
AN_S04_P02,2024-03-11T06:56:12.703Z,12.7807998657227,1243.53295898438,19.0499992370605,538.5,61.5895500183106,20.1906414031982,Ant's Farm,AN_S04,4.3386656999588,1242.48193359375,19.049600982666,538.522680664063,23.2260091781616,10.2592567443848
AN_S04_P03,2024-03-11T07:47:55.442001Z,1.94985449314117,1241.10070800781,19.0499992370605,538.5,11.8157205581665,10.6116905212402,Ant's Farm,AN_S04,4.3386656999588,1242.48193359375,19.049600982666,538.522680664063,23.2260091781616,10.2592567443848
AN_S04_P04,2024-03-11T08:54:52.231998Z,1.07570827007294,1241,19.0499992370605,538.5,8.19867610931397,7.28431701660156,Ant's Farm,AN_S04,4.3386656999588,1242.48193359375,19.049600982666,538.522680664063,23.2260091781616,10.2592567443848
AN_S04_P05,2024-03-11T09:42:57.724998Z,4.10712099075317,1241,19.0499992370605,538.5,20.4182720184326,5.29950523376465,Ant's Farm,AN_S04,4.3386656999588,1242.48193359375,19.049600982666,538.522680664063,23.2260091781616,10.2592567443848
AN_S05_P01,2024-03-11T11:26:41.784Z,4.21905946731567,1413,18.1499996185303,564.100036621094,26.4348468780518,1.95223391056061,Ant's Farm,AN_S05,5.44646081924438,1410.60166015625,18.1499996185303,564.1,30.245125579834,5.79686939716339
AN_S05_P02,2024-03-11T11:57:43.278Z,4.64181613922119,1413.53283691406,18.1499996185303,564.100036621094,23.3506889343262,3.48555088043213,Ant's Farm,AN_S05,5.44646081924438,1410.60166015625,18.1499996185303,564.1,30.245125579834,5.79686939716339
AN_S05_P03,2024-03-11T12:47:26.704Z,8.56171894073486,1412.8427734375,18.1499996185303,564.099975585938,51.5876617431641,5.70213174819946,Ant's Farm,AN_S05,5.44646081924438,1410.60166015625,18.1499996185303,564.1,30.245125579834,5.79686939716339
AN_S05_P04,2024-03-11T13:52:17.426001Z,6.30196809768677,1407.65026855469,18.1499996185303,564.099975585938,33.4767456054688,5.07371091842651,Ant's Farm,AN_S05,5.44646081924438,1410.60166015625,18.1499996185303,564.1,30.245125579834,5.79686939716339
AN_S05_P05,2024-03-11T14:25:10.239Z,3.50774145126343,1405.982421875,18.1499996185303,564.099975585938,16.3756847381592,12.7707195281982,Ant's Farm,AN_S05,5.44646081924438,1410.60166015625,18.1499996185303,564.1,30.245125579834,5.79686939716339
KA_S01_P01,2024-03-13T11:49:07.826Z,8.1449089050293,1190.74365234375,19.3500003814697,459.100006103516,44.0617218017578,6.8674373626709,Kaingo,KA_S01,5.20789813995361,1186.671875,19.35,459.1,30.9873809814453,6.67187490463257
KA_S01_P02,2024-03-13T12:08:27.377001Z,6.61972665786743,1187.64599609375,19.3500003814697,459.100006103516,38.6821479797363,10.1030187606812,Kaingo,KA_S01,5.20789813995361,1186.671875,19.35,459.1,30.9873809814453,6.67187490463257
KA_S01_P03,2024-03-13T12:46:48.769001Z,3.67875170707703,1186.23742675781,19.3499984741211,459.099975585938,24.7957000732422,8.68611717224121,Kaingo,KA_S01,5.20789813995361,1186.671875,19.35,459.1,30.9873809814453,6.67187490463257
KA_S01_P04,2024-03-13T13:41:14.458Z,4.43429899215698,1185.73315429688,19.3500003814697,459.100006103516,26.1763877868652,4.92884588241577,Kaingo,KA_S01,5.20789813995361,1186.671875,19.35,459.1,30.9873809814453,6.67187490463257
KA_S01_P05,2024-03-13T14:04:01.320Z,3.16180443763733,1182.99914550781,19.3500003814697,459.100006103516,21.220947265625,2.77395534515381,Kaingo,KA_S01,5.20789813995361,1186.671875,19.35,459.1,30.9873809814453,6.67187490463257
KA_S02_P01,2024-03-14T06:01:54.096001Z,1.97086644172668,993.874328613281,20.9499988555908,414.099975585938,15.4556560516357,1.5597071647644,Kaingo,KA_S02,2.40538055896759,994.783081054688,20.9499996185303,414.100006103516,20.9410795211792,5.51273612976074
KA_S02_P02,2024-03-14T06:31:13.834Z,2.03271222114563,994.70458984375,20.9500007629395,414.100006103516,18.7900409698486,5.61420679092407,Kaingo,KA_S02,2.40538055896759,994.783081054688,20.9499996185303,414.100006103516,20.9410795211792,5.51273612976074
KA_S02_P03,2024-03-14T06:39:54.724998Z,1.66285169124603,995.336547851563,20.9499988555908,414.100006103516,15.5795202255249,4.6867880821228,Kaingo,KA_S02,2.40538055896759,994.783081054688,20.9499996185303,414.100006103516,20.9410795211792,5.51273612976074
KA_S02_P04,2024-03-14T08:03:25.861Z,2.74050450325012,994.999938964844,20.9499988555908,414.100036621094,26.5112552642822,7.78908538818359,Kaingo,KA_S02,2.40538055896759,994.783081054688,20.9499996185303,414.100006103516,20.9410795211792,5.51273612976074
KA_S02_P05,2024-03-14T08:52:39.911999Z,3.61996793746948,995,20.9500007629395,414.100006103516,28.3689250946045,7.91389322280884,Kaingo,KA_S02,2.40538055896759,994.783081054688,20.9499996185303,414.100006103516,20.9410795211792,5.51273612976074
KA_S03_P01,2024-03-14T11:14:33.504002Z,0,1006.89697265625,20.8500003814697,419.800018310547,0,1.52941107749939,Kaingo,KA_S03,0,1009.07113037109,20.85,419.799993896484,0.0216343730688095,3.0050466299057
KA_S03_P02,2024-03-14T11:44:18.330Z,0,1008.07415771484,20.8499984741211,419.799987792969,0,1.91361343860626,Kaingo,KA_S03,0,1009.07113037109,20.85,419.799993896484,0.0216343730688095,3.0050466299057
KA_S03_P03,2024-03-14T12:15:00.378Z,0,1008.83978271484,20.8500003814697,419.799987792969,0,5.33638954162598,Kaingo,KA_S03,0,1009.07113037109,20.85,419.799993896484,0.0216343730688095,3.0050466299057
KA_S03_P04,2024-03-14T13:06:21.226Z,0,1010.70166015625,20.8500003814697,419.799987792969,0,3.40272760391235,Kaingo,KA_S03,0,1009.07113037109,20.85,419.799993896484,0.0216343730688095,3.0050466299057
KA_S03_P05,2024-03-14T13:42:22.179001Z,0,1010.84307861328,20.8500003814697,419.799987792969,0.108171865344048,2.84309148788452,Kaingo,KA_S03,0,1009.07113037109,20.85,419.799993896484,0.0216343730688095,3.0050466299057
KA_S04_P01,2024-03-15T06:47:37.194Z,0,993.284851074219,21.0499992370605,435.399993896484,0,20.0792713165283,Kaingo,KA_S04,0.271553167700768,996.434484863281,20.9395362854004,448.572076416016,3.59495410919189,9.3194242477417
KA_S04_P02,2024-03-15T07:20:18.031Z,0,995.3271484375,21.0262660980225,437.915802001953,0,5.3669490814209,Kaingo,KA_S04,0.271553167700768,996.434484863281,20.9395362854004,448.572076416016,3.59495410919189,9.3194242477417
KA_S04_P03,2024-03-15T08:45:02.020Z,0.136794254183769,996.098327636719,20.9214153289795,449.944580078125,2.49097061157227,8.24190807342529,Kaingo,KA_S04,0.271553167700768,996.434484863281,20.9395362854004,448.572076416016,3.59495410919189,9.3194242477417
KA_S04_P04,2024-03-15T10:10:51.924Z,0.491097271442413,997.907836914063,20.8500003814697,459.800018310547,5.88482475280762,10.0168046951294,Kaingo,KA_S04,0.271553167700768,996.434484863281,20.9395362854004,448.572076416016,3.59495410919189,9.3194242477417
KA_S04_P05,2024-03-15T11:02:56.229Z,0.729874312877655,999.554260253906,20.8500003814697,459.799987792969,9.59897518157959,2.89218807220459,Kaingo,KA_S04,0.271553167700768,996.434484863281,20.9395362854004,448.572076416016,3.59495410919189,9.3194242477417
KA_S05_P01,2024-03-16T06:41:49.132999Z,8.48067283630371,1149.34130859375,19.6500015258789,447.200012207031,48.2238922119141,1.49371325969696,Kaingo,KA_S05,9.04502396583557,1152.83586425781,19.6500003814697,447.200006103516,44.6464500427246,1.19257487189025
KA_S05_P02,2024-03-16T08:07:36.058998Z,8.11422920227051,1150.68139648438,19.6499996185303,447.199981689453,46.564338684082,0.0131602948531508,Kaingo,KA_S05,9.04502396583557,1152.83586425781,19.6500003814697,447.200006103516,44.6464500427246,1.19257487189025
KA_S05_P03,2024-03-16T08:18:07.968Z,3.52311491966248,1152.75354003906,19.6499996185303,447.200012207031,18.3764305114746,0,Kaingo,KA_S05,9.04502396583557,1152.83586425781,19.6500003814697,447.200006103516,44.6464500427246,1.19257487189025
KA_S05_P04,2024-03-16T09:03:53.999001Z,6.8950514793396,1155.31323242188,19.6500015258789,447.200012207031,36.6619720458984,0,Kaingo,KA_S05,9.04502396583557,1152.83586425781,19.6500003814697,447.200006103516,44.6464500427246,1.19257487189025
KA_S05_P05,2024-03-16T10:01:13.416Z,18.2120513916016,1156.08984375,19.6499996185303,447.200012207031,73.4056167602539,4.45600080490112,Kaingo,KA_S05,9.04502396583557,1152.83586425781,19.6500003814697,447.200006103516,44.6464500427246,1.19257487189025
SW_S01_P01,2024-03-18T14:15:01.409Z,5.29028701782227,1083.70104980469,20.4500007629395,529.799987792969,25.8111953735352,5.48973369598389,Swebeswebe,SW_S01,4.72229256629944,1083.72770996094,20.4499996185303,529.799987792969,26.531689453125,1.64085276126862
SW_S01_P02,2024-03-18T14:47:12.212Z,3.79732012748718,1083,20.4500007629395,529.799987792969,24.6597442626953,0.799158930778503,Swebeswebe,SW_S01,4.72229256629944,1083.72770996094,20.4499996185303,529.799987792969,26.531689453125,1.64085276126862
SW_S01_P03,2024-03-18T15:19:22.667999Z,2.73877191543579,1083.9375,20.4499988555908,529.799987792969,17.8040809631348,0,Swebeswebe,SW_S01,4.72229256629944,1083.72770996094,20.4499996185303,529.799987792969,26.531689453125,1.64085276126862
SW_S01_P04,2024-03-18T16:00:29.997Z,6.30870962142944,1084,20.4499988555908,529.799987792969,32.0668525695801,1.91537117958069,Swebeswebe,SW_S01,4.72229256629944,1083.72770996094,20.4499996185303,529.799987792969,26.531689453125,1.64085276126862
SW_S01_P05,2024-03-18T16:25:44.051998Z,5.47637414932251,1084,20.4499988555908,529.799987792969,32.3165740966797,0,Swebeswebe,SW_S01,4.72229256629944,1083.72770996094,20.4499996185303,529.799987792969,26.531689453125,1.64085276126862
SW_S02_P01,2024-03-20T06:34:23.518Z,19.6274948120117,1046.42431640625,20.6499996185303,527.400024414063,84.6814804077149,0,Swebeswebe,SW_S02,19.1266427993774,1043.21826171875,20.65,527.400024414063,76.7365280151367,0
SW_S02_P02,2024-03-20T07:07:15.124Z,13.1444520950317,1046,20.6499996185303,527.400024414063,71.7005767822266,0,Swebeswebe,SW_S02,19.1266427993774,1043.21826171875,20.65,527.400024414063,76.7365280151367,0
SW_S02_P03,2024-03-20T07:53:22.433001Z,25.468376159668,1046,20.6499996185303,527.400024414063,79.9044342041016,0,Swebeswebe,SW_S02,19.1266427993774,1043.21826171875,20.65,527.400024414063,76.7365280151367,0
SW_S02_P04,2024-03-20T08:40:55.303001Z,28.2757682800293,1041.25476074219,20.6500015258789,527.400024414063,93.2901229858398,0,Swebeswebe,SW_S02,19.1266427993774,1043.21826171875,20.65,527.400024414063,76.7365280151367,0
SW_S02_P05,2024-03-20T09:39:00.877Z,9.11712265014648,1036.41223144531,20.6499996185303,527.400024414063,54.1060256958008,0,Swebeswebe,SW_S02,19.1266427993774,1043.21826171875,20.65,527.400024414063,76.7365280151367,0
SW_S03_P01,2024-03-20T12:37:34.730999Z,3.34892821311951,1029,20.9499988555908,510,18.7095031738281,3.50353240966797,Swebeswebe,SW_S03,9.94525504112244,1029.22915039063,20.8888034820557,510.18359375,50.7221138000488,0.700706481933594
SW_S03_P02,2024-03-20T13:01:15.839Z,2.80575847625732,1029.12731933594,20.9327583312988,510.051727294922,20.0604209899902,0,Swebeswebe,SW_S03,9.94525504112244,1029.22915039063,20.8888034820557,510.18359375,50.7221138000488,0.700706481933594
SW_S03_P03,2024-03-20T13:34:49Z,11.8756484985352,1030.96215820313,20.8612594604492,510.266204833984,63.3457641601563,0,Swebeswebe,SW_S03,9.94525504112244,1029.22915039063,20.8888034820557,510.18359375,50.7221138000488,0.700706481933594
SW_S03_P04,2024-03-20T14:22:59.441002Z,18.5485858917236,1029.94714355469,20.8500003814697,510.300018310547,81.7440643310547,0,Swebeswebe,SW_S03,9.94525504112244,1029.22915039063,20.8888034820557,510.18359375,50.7221138000488,0.700706481933594
SW_S03_P05,2024-03-20T14:53:09.569Z,13.1473541259766,1027.10913085938,20.8500003814697,510.300018310547,69.7508163452149,0,Swebeswebe,SW_S03,9.94525504112244,1029.22915039063,20.8888034820557,510.18359375,50.7221138000488,0.700706481933594
SW_S04_P01,2024-03-21T05:52:49.596001Z,21.2482013702393,1089.97668457031,20.25,536.100036621094,89.4530258178711,3.24333667755127,Swebeswebe,SW_S04,11.0568373680115,1087.32092285156,20.25,536.1,56.0236572265625,2.95772938728333
SW_S04_P02,2024-03-21T06:09:37.289001Z,7.94385433197022,1088,20.25,536.099975585938,47.3110580444336,2.24874830245972,Swebeswebe,SW_S04,11.0568373680115,1087.32092285156,20.25,536.1,56.0236572265625,2.95772938728333
SW_S04_P03,2024-03-21T06:53:38.292Z,11.16628074646,1087.30444335938,20.25,536.099975585938,62.7735595703125,3.90938758850098,Swebeswebe,SW_S04,11.0568373680115,1087.32092285156,20.25,536.1,56.0236572265625,2.95772938728333
SW_S04_P04,2024-03-21T07:39:59.109001Z,8.73088836669922,1086,20.25,536.099975585938,42.1427803039551,2.54724907875061,Swebeswebe,SW_S04,11.0568373680115,1087.32092285156,20.25,536.1,56.0236572265625,2.95772938728333
SW_S04_P05,2024-03-21T08:17:07.987Z,6.19496202468872,1085.32348632812,20.25,536.100036621094,38.4378623962402,2.83992528915405,Swebeswebe,SW_S04,11.0568373680115,1087.32092285156,20.25,536.1,56.0236572265625,2.95772938728333
SW_S05_P01,2024-03-21T10:31:03.389Z,1.88443994522095,1127,20.25,512.599975585938,19.2476272583008,4.1450719833374,Swebeswebe,SW_S05,3.11590223312378,1123.56796875,20.2090412139893,512.804772949219,20.8220905303955,5.79874610900879
SW_S05_P02,2024-03-21T10:54:18.673Z,3.22502565383911,1125.1337890625,20.25,512.599975585938,19.1670417785645,5.4946436882019,Swebeswebe,SW_S05,3.11590223312378,1123.56796875,20.2090412139893,512.804772949219,20.8220905303955,5.79874610900879
SW_S05_P03,2024-03-21T11:34:33.608002Z,2.85291147232056,1123,20.25,512.599975585938,17.1030826568604,8.92642593383789,Swebeswebe,SW_S05,3.11590223312378,1123.56796875,20.2090412139893,512.804772949219,20.8220905303955,5.79874610900879
SW_S05_P04,2024-03-21T12:23:01.745Z,4.01935720443726,1122.64929199219,20.25,512.599975585938,26.4021263122559,6.00875663757324,Swebeswebe,SW_S05,3.11590223312378,1123.56796875,20.2090412139893,512.804772949219,20.8220905303955,5.79874610900879
SW_S05_P05,2024-03-21T13:00:36.689999Z,3.59777688980103,1120.05676269531,20.0452060699463,513.623962402344,22.1905746459961,4.41883230209351,Swebeswebe,SW_S05,3.11590223312378,1123.56796875,20.2090412139893,512.804772949219,20.8220905303955,5.79874610900879
MA_S01_P01,2024-03-24T08:40:10.736Z,26.6682758331299,1025.99743652344,20.75,529.400024414063,96.6801452636719,5.53680992126465,Marakele,MA_S01,24.8420696258545,1025.37507324219,20.75,529.400012207031,91.3147567749023,3.6824409801513
MA_S01_P02,2024-03-24T09:25:58.893002Z,22.5532512664795,1026.22399902344,20.75,529.399963378906,93.6749954223633,2.63355946540833,Marakele,MA_S01,24.8420696258545,1025.37507324219,20.75,529.400012207031,91.3147567749023,3.6824409801513
MA_S01_P03,2024-03-24T10:25:26.361Z,22.6463260650635,1026.32897949219,20.75,529.400024414063,86.5858993530273,0.00206653214991093,Marakele,MA_S01,24.8420696258545,1025.37507324219,20.75,529.400012207031,91.3147567749023,3.6824409801513
MA_S01_P04,2024-03-24T11:24:18.763Z,24.2361564636231,1024.97900390625,20.75,529.400024414063,89.5840530395508,6.08423709869385,Marakele,MA_S01,24.8420696258545,1025.37507324219,20.75,529.400012207031,91.3147567749023,3.6824409801513
MA_S01_P05,2024-03-24T11:55:00.860Z,28.1063385009766,1023.34594726563,20.75,529.400024414063,90.0486907958984,4.15553188323975,Marakele,MA_S01,24.8420696258545,1025.37507324219,20.75,529.400012207031,91.3147567749023,3.6824409801513
MA_S02_P01,2024-03-24T13:26:36.495998Z,8.97923946380615,1020.05029296875,20.75,564.900024414063,35.5637626647949,2.35459756851196,Marakele,MA_S02,4.86612973213196,1020.90473632813,20.75,564.900024414063,21.5205772399902,3.59898907244205
MA_S02_P02,2024-03-24T13:47:24.916Z,2.69163274765015,1020.00006103516,20.75,564.900024414063,15.5242767333984,0.0599616318941116,Marakele,MA_S02,4.86612973213196,1020.90473632813,20.75,564.900024414063,21.5205772399902,3.59898907244205
MA_S02_P03,2024-03-24T14:41:13.439Z,2.2059211730957,1020,20.75,564.900024414063,13.4227476119995,3.9563250541687,Marakele,MA_S02,4.86612973213196,1020.90473632813,20.75,564.900024414063,21.5205772399902,3.59898907244205
MA_S02_P04,2024-03-24T15:24:25.707001Z,2.55160593986511,1020.63739013672,20.75,564.900024414063,14.6670694351196,6.27708005905151,Marakele,MA_S02,4.86612973213196,1020.90473632813,20.75,564.900024414063,21.5205772399902,3.59898907244205
MA_S02_P05,2024-03-24T15:51:51.160999Z,7.90224933624268,1023.8359375,20.75,564.900024414063,28.4250297546387,5.34698104858398,Marakele,MA_S02,4.86612973213196,1020.90473632813,20.75,564.900024414063,21.5205772399902,3.59898907244205
MA_S03_P01,2024-03-25T08:07:39.131001Z,8.11041641235352,1034.70983886719,20.75,587.308654785156,37.554443359375,1.68385446071625,Marakele,MA_S03,10.8035617828369,1035.60024414062,20.75,581.928564453125,44.4931983947754,0.998809494158195
MA_S03_P02,2024-03-25T08:25:02.324Z,10.6847887039185,1035.00012207031,20.75,585.630737304688,44.2177772521973,0.309831917285919,Marakele,MA_S03,10.8035617828369,1035.60024414062,20.75,581.928564453125,44.4931983947754,0.998809494158195
MA_S03_P03,2024-03-25T08:57:04.971Z,14.1216068267822,1036.17224121094,20.75,582.002502441406,50.9953002929688,0.865610778331757,Marakele,MA_S03,10.8035617828369,1035.60024414062,20.75,581.928564453125,44.4931983947754,0.998809494158195
MA_S03_P04,2024-03-25T09:29:17.209999Z,12.7542533874512,1036.11901855469,20.75,579.111694335938,53.1057929992676,2.13471126556396,Marakele,MA_S03,10.8035617828369,1035.60024414062,20.75,581.928564453125,44.4931983947754,0.998809494158195
MA_S03_P05,2024-03-25T10:00:45.354Z,8.3467435836792,1036,20.75,575.589233398438,36.5926780700684,3.90488930861466e-05,Marakele,MA_S03,10.8035617828369,1035.60024414062,20.75,581.928564453125,44.4931983947754,0.998809494158195
MA_S04_P01,2024-03-25T11:08:14.938Z,14.2255182266235,1039.11743164063,20.6499996185303,587.498840332031,47.656551361084,0,Marakele,MA_S04,9.91494493484497,1038.24484863281,20.6499996185303,569.17978515625,41.7643058776855,1.01879719495773
MA_S04_P02,2024-03-25T11:25:50.041Z,7.1956353187561,1038,20.6499996185303,564.600036621094,33.8044052124023,2.98703408241272,Marakele,MA_S04,9.91494493484497,1038.24484863281,20.6499996185303,569.17978515625,41.7643058776855,1.01879719495773
MA_S04_P03,2024-03-25T11:57:40.639999Z,8.860671043396,1038.10681152344,20.6499996185303,564.599975585938,41.3565254211426,1.00056493282318,Marakele,MA_S04,9.91494493484497,1038.24484863281,20.6499996185303,569.17978515625,41.7643058776855,1.01879719495773
MA_S04_P04,2024-03-25T12:41:18.596001Z,10.4405326843262,1038,20.6499996185303,564.600036621094,46.5056190490723,0.324674427509308,Marakele,MA_S04,9.91494493484497,1038.24484863281,20.6499996185303,569.17978515625,41.7643058776855,1.01879719495773
MA_S04_P05,2024-03-25T13:06:52.893002Z,8.85236740112305,1038,20.6499996185303,564.600036621094,39.4984283447266,0.781712532043457,Marakele,MA_S04,9.91494493484497,1038.24484863281,20.6499996185303,569.17978515625,41.7643058776855,1.01879719495773
MA_S05_P01,2024-03-26T07:34:59.938Z,61.3604431152344,1050.11755371094,20.5499992370605,534,99.9908905029297,0.950545191764832,Marakele,MA_S05,60.288077545166,1049.87687988281,20.55,534,99.1350006103516,4.303333735466
MA_S05_P02,2024-03-26T08:00:34.453999Z,77.8571395874024,1050,20.5500011444092,534,99.8954772949219,0,Marakele,MA_S05,60.288077545166,1049.87687988281,20.55,534,99.1350006103516,4.303333735466
MA_S05_P03,2024-03-26T08:50:30.926001Z,58.298511505127,1050,20.5499992370605,534,96.6786575317383,3.43830823898315,Marakele,MA_S05,60.288077545166,1049.87687988281,20.55,534,99.1350006103516,4.303333735466
MA_S05_P04,2024-03-26T10:01:04.258Z,56.667407989502,1049.93530273438,20.5499992370605,534,99.8499145507813,10.5218982696533,Marakele,MA_S05,60.288077545166,1049.87687988281,20.55,534,99.1350006103516,4.303333735466
MA_S05_P05,2024-03-26T10:51:22.159Z,47.2568855285645,1049.33154296875,20.5500011444092,534,99.2600631713867,6.60591697692871,Marakele,MA_S05,60.288077545166,1049.87687988281,20.55,534,99.1350006103516,4.303333735466
